1000,Mount Dennis,False,Orion 07.501 HEV
1001,Mount Dennis,False,Orion 07.501 HEV
1003,Mount Dennis,False,Orion 07.501 HEV
1004,Mount Dennis,False,Orion 07.501 HEV
1005,Mount Dennis,False,Orion 07.501 HEV
1006,Mount Dennis,False,Orion 07.501 HEV
1007,Mount Dennis,False,Orion 07.501 HEV
1008,Mount Dennis,False,Orion 07.501 HEV
1009,Mount Dennis,False,Orion 07.501 HEV
1010,Mount Dennis,False,Orion 07.501 HEV
1011,Mount Dennis,False,Orion 07.501 HEV
1012,Mount Dennis,False,Orion 07.501 HEV
1013,Mount Dennis,False,Orion 07.501 HEV
1014,Mount Dennis,False,Orion 07.501 HEV
1015,Mount Dennis,False,Orion 07.501 HEV
1016,Mount Dennis,False,Orion 07.501 HEV
1017,Mount Dennis,False,Orion 07.501 HEV
1018,Mount Dennis,False,Orion 07.501 HEV
1019,Mount Dennis,False,Orion 07.501 HEV
1020,Mount Dennis,False,Orion 07.501 HEV
1021,Mount Dennis,False,Orion 07.501 HEV
1022,Mount Dennis,False,Orion 07.501 HEV
1023,Mount Dennis,False,Orion 07.501 HEV
1024,Mount Dennis,False,Orion 07.501 HEV
1025,Mount Dennis,False,Orion 07.501 HEV
1026,Mount Dennis,False,Orion 07.501 HEV
1028,Mount Dennis,False,Orion 07.501 HEV
1029,Mount Dennis,False,Orion 07.501 HEV
1030,Mount Dennis,False,Orion 07.501 HEV
1031,Mount Dennis,False,Orion 07.501 HEV
1032,Mount Dennis,False,Orion 07.501 HEV
1034,Mount Dennis,False,Orion 07.501 HEV
1035,Mount Dennis,False,Orion 07.501 HEV
1036,Mount Dennis,False,Orion 07.501 HEV
1037,Mount Dennis,False,Orion 07.501 HEV
1038,Mount Dennis,False,Orion 07.501 HEV
1041,Mount Dennis,False,Orion 07.501 HEV
1042,Mount Dennis,False,Orion 07.501 HEV
1043,Mount Dennis,False,Orion 07.501 HEV
1044,Mount Dennis,False,Orion 07.501 HEV
1045,Mount Dennis,False,Orion 07.501 HEV
1046,Mount Dennis,False,Orion 07.501 HEV
1047,Mount Dennis,False,Orion 07.501 HEV
1048,Mount Dennis,False,Orion 07.501 HEV
1049,Mount Dennis,False,Orion 07.501 HEV
1050,Mount Dennis,False,Orion 07.501 HEV
1051,Mount Dennis,False,Orion 07.501 HEV
1052,Mount Dennis,False,Orion 07.501 HEV
1053,Mount Dennis,False,Orion 07.501 HEV
1054,Mount Dennis,False,Orion 07.501 HEV
1055,Mount Dennis,False,Orion 07.501 HEV
1056,Mount Dennis,False,Orion 07.501 HEV
1057,Mount Dennis,False,Orion 07.501 HEV
1058,Mount Dennis,False,Orion 07.501 HEV
1059,Mount Dennis,False,Orion 07.501 HEV
1060,Mount Dennis,False,Orion 07.501 HEV
1061,Mount Dennis,False,Orion 07.501 HEV
1062,Mount Dennis,False,Orion 07.501 HEV
1063,Mount Dennis,False,Orion 07.501 HEV
1064,Mount Dennis,False,Orion 07.501 HEV
1065,Mount Dennis,False,Orion 07.501 HEV
1066,Mount Dennis,False,Orion 07.501 HEV
1067,Mount Dennis,False,Orion 07.501 HEV
1068,Mount Dennis,False,Orion 07.501 HEV
1069,Mount Dennis,False,Orion 07.501 HEV
1070,Mount Dennis,False,Orion 07.501 HEV
1071,Mount Dennis,False,Orion 07.501 HEV
1072,Mount Dennis,False,Orion 07.501 HEV
1073,Mount Dennis,False,Orion 07.501 HEV
1074,Mount Dennis,False,Orion 07.501 HEV
1075,Mount Dennis,False,Orion 07.501 HEV
1076,Mount Dennis,False,Orion 07.501 HEV
1078,Mount Dennis,False,Orion 07.501 HEV
1079,Mount Dennis,False,Orion 07.501 HEV
1080,Mount Dennis,False,Orion 07.501 HEV
1081,Mount Dennis,False,Orion 07.501 HEV
1082,Mount Dennis,False,Orion 07.501 HEV
1083,Mount Dennis,False,Orion 07.501 HEV
1084,Mount Dennis,False,Orion 07.501 HEV
1085,Mount Dennis,False,Orion 07.501 HEV
1086,Mount Dennis,False,Orion 07.501 HEV
1087,Mount Dennis,False,Orion 07.501 HEV
1088,Mount Dennis,False,Orion 07.501 HEV
1089,Mount Dennis,False,Orion 07.501 HEV
1090,Mount Dennis,False,Orion 07.501 HEV
1091,Mount Dennis,False,Orion 07.501 HEV
1093,Mount Dennis,False,Orion 07.501 HEV
1094,Mount Dennis,False,Orion 07.501 HEV
1095,Mount Dennis,False,Orion 07.501 HEV
1096,Mount Dennis,False,Orion 07.501 HEV
1097,Mount Dennis,False,Orion 07.501 HEV
1098,Mount Dennis,False,Orion 07.501 HEV
1099,Mount Dennis,False,Orion 07.501 HEV
1100,Mount Dennis,False,Orion 07.501 HEV
1101,Mount Dennis,False,Orion 07.501 HEV
1102,Mount Dennis,False,Orion 07.501 HEV
1103,Mount Dennis,False,Orion 07.501 HEV
1104,Mount Dennis,False,Orion 07.501 HEV
1105,Mount Dennis,False,Orion 07.501 HEV
1106,Mount Dennis,False,Orion 07.501 HEV
1107,Mount Dennis,False,Orion 07.501 HEV
1108,Mount Dennis,False,Orion 07.501 HEV
1109,Mount Dennis,False,Orion 07.501 HEV
1111,Mount Dennis,False,Orion 07.501 HEV
1112,Mount Dennis,False,Orion 07.501 HEV
1113,Mount Dennis,False,Orion 07.501 HEV
1114,Mount Dennis,False,Orion 07.501 HEV
1115,Mount Dennis,False,Orion 07.501 HEV
1116,Mount Dennis,False,Orion 07.501 HEV
1117,Mount Dennis,False,Orion 07.501 HEV
1118,Mount Dennis,False,Orion 07.501 HEV
1119,Mount Dennis,False,Orion 07.501 HEV
1120,Mount Dennis,False,Orion 07.501 HEV
1121,Mount Dennis,False,Orion 07.501 HEV
1122,Mount Dennis,False,Orion 07.501 HEV
1123,Mount Dennis,False,Orion 07.501 HEV
1125,Mount Dennis,False,Orion 07.501 HEV
1126,Mount Dennis,False,Orion 07.501 HEV
1127,Mount Dennis,False,Orion 07.501 HEV
1128,Mount Dennis,False,Orion 07.501 HEV
1129,Mount Dennis,False,Orion 07.501 HEV
1130,Mount Dennis,False,Orion 07.501 HEV
1131,Mount Dennis,False,Orion 07.501 HEV
1132,Mount Dennis,False,Orion 07.501 HEV
1133,Mount Dennis,False,Orion 07.501 HEV
1134,Mount Dennis,False,Orion 07.501 HEV
1135,Mount Dennis,False,Orion 07.501 HEV
1136,Mount Dennis,False,Orion 07.501 HEV
1138,Mount Dennis,False,Orion 07.501 HEV
1139,Mount Dennis,False,Orion 07.501 HEV
1140,Mount Dennis,False,Orion 07.501 HEV
1141,Mount Dennis,False,Orion 07.501 HEV
1142,Mount Dennis,False,Orion 07.501 HEV
1143,Mount Dennis,False,Orion 07.501 HEV
1144,Mount Dennis,False,Orion 07.501 HEV
1145,Mount Dennis,False,Orion 07.501 HEV
1146,Mount Dennis,False,Orion 07.501 HEV
1147,Mount Dennis,False,Orion 07.501 HEV
1148,Mount Dennis,False,Orion 07.501 HEV
1149,Mount Dennis,False,Orion 07.501 HEV
1200,Malvern,False,Orion 07.501 NG HEV
1201,Malvern,False,Orion 07.501 NG HEV
1202,Malvern,False,Orion 07.501 NG HEV
1203,Malvern,False,Orion 07.501 NG HEV
1204,Malvern,False,Orion 07.501 NG HEV
1205,Malvern,False,Orion 07.501 NG HEV
1207,Malvern,False,Orion 07.501 NG HEV
1208,Malvern,False,Orion 07.501 NG HEV
1209,Malvern,False,Orion 07.501 NG HEV
1210,Malvern,False,Orion 07.501 NG HEV
1211,Malvern,False,Orion 07.501 NG HEV
1212,Malvern,False,Orion 07.501 NG HEV
1213,Malvern,False,Orion 07.501 NG HEV
1214,Malvern,False,Orion 07.501 NG HEV
1215,Malvern,False,Orion 07.501 NG HEV
1216,Malvern,False,Orion 07.501 NG HEV
1217,Malvern,False,Orion 07.501 NG HEV
1218,Malvern,False,Orion 07.501 NG HEV
1219,Malvern,False,Orion 07.501 NG HEV
1220,Malvern,False,Orion 07.501 NG HEV
1221,Malvern,False,Orion 07.501 NG HEV
1222,Malvern,False,Orion 07.501 NG HEV
1223,Malvern,False,Orion 07.501 NG HEV
1227,Malvern,False,Orion 07.501 NG HEV
1228,Malvern,False,Orion 07.501 NG HEV
1230,Malvern,False,Orion 07.501 NG HEV
1231,Malvern,False,Orion 07.501 NG HEV
1232,Malvern,False,Orion 07.501 NG HEV
1233,Malvern,False,Orion 07.501 NG HEV
1234,Malvern,False,Orion 07.501 NG HEV
1235,Malvern,False,Orion 07.501 NG HEV
1236,Malvern,False,Orion 07.501 NG HEV
1237,Malvern,False,Orion 07.501 NG HEV
1240,Malvern,False,Orion 07.501 NG HEV
1241,Malvern,False,Orion 07.501 NG HEV
1242,Malvern,False,Orion 07.501 NG HEV
1243,Malvern,False,Orion 07.501 NG HEV
1247,Malvern,False,Orion 07.501 NG HEV
1248,Malvern,False,Orion 07.501 NG HEV
1249,Malvern,False,Orion 07.501 NG HEV
1250,Malvern,False,Orion 07.501 NG HEV
1251,Malvern,False,Orion 07.501 NG HEV
1252,Malvern,False,Orion 07.501 NG HEV
1253,Malvern,False,Orion 07.501 NG HEV
1254,Malvern,False,Orion 07.501 NG HEV
1255,Malvern,False,Orion 07.501 NG HEV
1257,Malvern,False,Orion 07.501 NG HEV
1258,Malvern,False,Orion 07.501 NG HEV
1259,Malvern,False,Orion 07.501 NG HEV
1260,Malvern,False,Orion 07.501 NG HEV
1261,Malvern,False,Orion 07.501 NG HEV
1262,Malvern,False,Orion 07.501 NG HEV
1263,Malvern,False,Orion 07.501 NG HEV
1264,Malvern,False,Orion 07.501 NG HEV
1265,Malvern,False,Orion 07.501 NG HEV
1267,Malvern,False,Orion 07.501 NG HEV
1269,Malvern,False,Orion 07.501 NG HEV
1270,Malvern,False,Orion 07.501 NG HEV
1272,Malvern,False,Orion 07.501 NG HEV
1273,Malvern,False,Orion 07.501 NG HEV
1274,Malvern,False,Orion 07.501 NG HEV
1275,Malvern,False,Orion 07.501 NG HEV
1276,Malvern,False,Orion 07.501 NG HEV
1277,Malvern,False,Orion 07.501 NG HEV
1280,Malvern,False,Orion 07.501 NG HEV
1281,Malvern,False,Orion 07.501 NG HEV
1283,Malvern,False,Orion 07.501 NG HEV
1284,Malvern,False,Orion 07.501 NG HEV
1286,Malvern,False,Orion 07.501 NG HEV
1288,Malvern,False,Orion 07.501 NG HEV
1290,Malvern,False,Orion 07.501 NG HEV
1292,Malvern,False,Orion 07.501 NG HEV
1293,Malvern,False,Orion 07.501 NG HEV
1294,Malvern,False,Orion 07.501 NG HEV
1296,Malvern,False,Orion 07.501 NG HEV
1297,Malvern,False,Orion 07.501 NG HEV
1298,Malvern,False,Orion 07.501 NG HEV
1299,Malvern,False,Orion 07.501 NG HEV
1301,Malvern,False,Orion 07.501 NG HEV
1305,Malvern,False,Orion 07.501 NG HEV
1307,Malvern,False,Orion 07.501 NG HEV
1309,Malvern,False,Orion 07.501 NG HEV
1310,Malvern,False,Orion 07.501 NG HEV
1312,Malvern,False,Orion 07.501 NG HEV
1315,Malvern,False,Orion 07.501 NG HEV
1317,Malvern,False,Orion 07.501 NG HEV
1318,Malvern,False,Orion 07.501 NG HEV
1319,Malvern,False,Orion 07.501 NG HEV
1320,Malvern,False,Orion 07.501 NG HEV
1321,Malvern,False,Orion 07.501 NG HEV
1322,Malvern,False,Orion 07.501 NG HEV
1323,Malvern,False,Orion 07.501 NG HEV
1324,Malvern,False,Orion 07.501 NG HEV
1325,Mount Dennis,False,Orion 07.501 NG HEV
1326,Malvern,False,Orion 07.501 NG HEV
1327,Malvern,False,Orion 07.501 NG HEV
1328,Malvern,False,Orion 07.501 NG HEV
1329,Mount Dennis,False,Orion 07.501 NG HEV
1331,Malvern,False,Orion 07.501 NG HEV
1332,Malvern,False,Orion 07.501 NG HEV
1333,Malvern,False,Orion 07.501 NG HEV
1334,Malvern,False,Orion 07.501 NG HEV
1335,Malvern,False,Orion 07.501 NG HEV
1337,Malvern,False,Orion 07.501 NG HEV
1340,Malvern,False,Orion 07.501 NG HEV
1342,Malvern,False,Orion 07.501 NG HEV
1345,Mount Dennis,False,Orion 07.501 NG HEV
1347,Malvern,False,Orion 07.501 NG HEV
1349,Mount Dennis,False,Orion 07.501 NG HEV
1350,Mount Dennis,False,Orion 07.501 NG HEV
1351,Malvern,False,Orion 07.501 NG HEV
1352,Malvern,False,Orion 07.501 NG HEV
1353,Mount Dennis,False,Orion 07.501 NG HEV
1354,Mount Dennis,False,Orion 07.501 NG HEV
1355,Malvern,False,Orion 07.501 NG HEV
1356,Malvern,False,Orion 07.501 NG HEV
1357,Malvern,False,Orion 07.501 NG HEV
1358,Malvern,False,Orion 07.501 NG HEV
1359,Malvern,False,Orion 07.501 NG HEV
1360,Malvern,False,Orion 07.501 NG HEV
1361,Malvern,False,Orion 07.501 NG HEV
1362,Arrow,False,Orion 07.501 NG HEV
1363,Arrow,False,Orion 07.501 NG HEV
1364,Arrow,False,Orion 07.501 NG HEV
1366,Arrow,False,Orion 07.501 NG HEV
1367,Arrow,False,Orion 07.501 NG HEV
1368,Arrow,False,Orion 07.501 NG HEV
1369,Arrow,False,Orion 07.501 NG HEV
1370,Arrow,False,Orion 07.501 NG HEV
1371,Arrow,False,Orion 07.501 NG HEV
1372,Arrow,False,Orion 07.501 NG HEV
1373,Arrow,False,Orion 07.501 NG HEV
1374,Arrow,False,Orion 07.501 NG HEV
1378,Arrow,False,Orion 07.501 NG HEV
1379,Arrow,False,Orion 07.501 NG HEV
1381,Arrow,False,Orion 07.501 NG HEV
1382,Arrow,False,Orion 07.501 NG HEV
1383,Arrow,False,Orion 07.501 NG HEV
1384,Arrow,False,Orion 07.501 NG HEV
1385,Arrow,False,Orion 07.501 NG HEV
1386,Arrow,False,Orion 07.501 NG HEV
1387,Arrow,False,Orion 07.501 NG HEV
1389,Arrow,False,Orion 07.501 NG HEV
1390,Arrow,False,Orion 07.501 NG HEV
1392,Arrow,False,Orion 07.501 NG HEV
1393,Arrow,False,Orion 07.501 NG HEV
1394,Arrow,False,Orion 07.501 NG HEV
1395,Arrow,False,Orion 07.501 NG HEV
1396,Arrow,False,Orion 07.501 NG HEV
1397,Arrow,False,Orion 07.501 NG HEV
1398,Mount Dennis,False,Orion 07.501 NG HEV
1399,Mount Dennis,False,Orion 07.501 NG HEV
1401,Mount Dennis,False,Orion 07.501 NG HEV
1402,Mount Dennis,False,Orion 07.501 NG HEV
1403,Mount Dennis,False,Orion 07.501 NG HEV
1404,Mount Dennis,False,Orion 07.501 NG HEV
1406,Mount Dennis,False,Orion 07.501 NG HEV
1407,Mount Dennis,False,Orion 07.501 NG HEV
1409,Mount Dennis,False,Orion 07.501 NG HEV
1412,Mount Dennis,False,Orion 07.501 NG HEV
1413,Mount Dennis,False,Orion 07.501 NG HEV
1415,Mount Dennis,False,Orion 07.501 NG HEV
1416,Mount Dennis,False,Orion 07.501 NG HEV
1417,Mount Dennis,False,Orion 07.501 NG HEV
1419,Mount Dennis,False,Orion 07.501 NG HEV
1420,Mount Dennis,False,Orion 07.501 NG HEV
1422,Mount Dennis,False,Orion 07.501 NG HEV
1423,Mount Dennis,False,Orion 07.501 NG HEV
1502,Malvern,False,Orion 07.501 NG HEV
1503,Malvern,False,Orion 07.501 NG HEV
1516,Malvern,False,Orion 07.501 NG HEV
1521,Malvern,False,Orion 07.501 NG HEV
1529,Malvern,False,Orion 07.501 NG HEV
1532,Malvern,False,Orion 07.501 NG HEV
1534,Malvern,False,Orion 07.501 NG HEV
1536,Malvern,False,Orion 07.501 NG HEV
1549,Malvern,False,Orion 07.501 NG HEV
1550,Malvern,False,Orion 07.501 NG HEV
1553,Malvern,False,Orion 07.501 NG HEV
1555,Malvern,False,Orion 07.501 NG HEV
1559,Malvern,False,Orion 07.501 NG HEV
1560,Malvern,False,Orion 07.501 NG HEV
1562,Malvern,False,Orion 07.501 NG HEV
1575,Malvern,False,Orion 07.501 NG HEV
1576,Malvern,False,Orion 07.501 NG HEV
1579,Malvern,False,Orion 07.501 NG HEV
1586,Malvern,False,Orion 07.501 NG HEV
1590,Malvern,False,Orion 07.501 NG HEV
1595,Malvern,False,Orion 07.501 NG HEV
1603,Malvern,False,Orion 07.501 NG HEV
1605,Malvern,False,Orion 07.501 NG HEV
1606,Malvern,False,Orion 07.501 NG HEV
1614,Malvern,False,Orion 07.501 NG HEV
1618,Malvern,False,Orion 07.501 NG HEV
1625,Malvern,False,Orion 07.501 NG HEV
1626,Malvern,False,Orion 07.501 NG HEV
1633,Malvern,False,Orion 07.501 NG HEV
1652,Malvern,False,Orion 07.501 NG HEV
1653,Malvern,False,Orion 07.501 NG HEV
1654,Malvern,False,Orion 07.501 NG HEV
1655,Malvern,False,Orion 07.501 NG HEV
1656,Malvern,False,Orion 07.501 NG HEV
1657,Malvern,False,Orion 07.501 NG HEV
1658,Malvern,False,Orion 07.501 NG HEV
1660,Malvern,False,Orion 07.501 NG HEV
1661,Malvern,False,Orion 07.501 NG HEV
1662,Malvern,False,Orion 07.501 NG HEV
1663,Malvern,False,Orion 07.501 NG HEV
1674,Malvern,False,Orion 07.501 NG HEV
1676,Malvern,False,Orion 07.501 NG HEV
1679,Malvern,False,Orion 07.501 NG HEV
3100,McNicoll,False,Nova Bus LFS
3101,McNicoll,False,Nova Bus LFS
3102,McNicoll,False,Nova Bus LFS
3103,McNicoll,False,Nova Bus LFS
3104,McNicoll,False,Nova Bus LFS
3105,McNicoll,False,Nova Bus LFS
3106,McNicoll,False,Nova Bus LFS
3107,McNicoll,False,Nova Bus LFS
3108,McNicoll,False,Nova Bus LFS
3109,McNicoll,False,Nova Bus LFS
3110,McNicoll,False,Nova Bus LFS
3111,McNicoll,False,Nova Bus LFS
3112,McNicoll,False,Nova Bus LFS
3113,McNicoll,False,Nova Bus LFS
3114,McNicoll,False,Nova Bus LFS
3115,McNicoll,False,Nova Bus LFS
3116,McNicoll,False,Nova Bus LFS
3117,McNicoll,False,Nova Bus LFS
3118,McNicoll,False,Nova Bus LFS
3119,McNicoll,False,Nova Bus LFS
3120,McNicoll,False,Nova Bus LFS
3121,McNicoll,False,Nova Bus LFS
3122,McNicoll,False,Nova Bus LFS
3123,McNicoll,False,Nova Bus LFS
3124,McNicoll,False,Nova Bus LFS
3125,McNicoll,False,Nova Bus LFS
3126,McNicoll,False,Nova Bus LFS
3127,McNicoll,False,Nova Bus LFS
3128,McNicoll,False,Nova Bus LFS
3129,McNicoll,False,Nova Bus LFS
3130,McNicoll,False,Nova Bus LFS
3131,McNicoll,False,Nova Bus LFS
3132,McNicoll,False,Nova Bus LFS
3133,McNicoll,False,Nova Bus LFS
3134,McNicoll,False,Nova Bus LFS
3135,McNicoll,False,Nova Bus LFS
3136,McNicoll,False,Nova Bus LFS
3137,McNicoll,False,Nova Bus LFS
3138,McNicoll,False,Nova Bus LFS
3139,McNicoll,False,Nova Bus LFS
3140,McNicoll,False,Nova Bus LFS
3141,McNicoll,False,Nova Bus LFS
3142,McNicoll,False,Nova Bus LFS
3143,McNicoll,False,Nova Bus LFS
3144,McNicoll,False,Nova Bus LFS
3145,McNicoll,False,Nova Bus LFS
3146,McNicoll,False,Nova Bus LFS
3147,McNicoll,False,Nova Bus LFS
3148,McNicoll,False,Nova Bus LFS
3149,McNicoll,False,Nova Bus LFS
3150,McNicoll,False,Nova Bus LFS
3151,McNicoll,False,Nova Bus LFS
3152,McNicoll,False,Nova Bus LFS
3153,McNicoll,False,Nova Bus LFS
3154,McNicoll,False,Nova Bus LFS
3155,McNicoll,False,Nova Bus LFS
3156,McNicoll,False,Nova Bus LFS
3157,McNicoll,False,Nova Bus LFS
3158,McNicoll,False,Nova Bus LFS
3159,McNicoll,False,Nova Bus LFS
3160,McNicoll,False,Nova Bus LFS
3161,McNicoll,False,Nova Bus LFS
3162,McNicoll,False,Nova Bus LFS
3163,McNicoll,False,Nova Bus LFS
3164,McNicoll,False,Nova Bus LFS
3165,McNicoll,False,Nova Bus LFS
3166,McNicoll,False,Nova Bus LFS
3167,McNicoll,False,Nova Bus LFS
3168,McNicoll,False,Nova Bus LFS
3169,McNicoll,False,Nova Bus LFS
3170,McNicoll,False,Nova Bus LFS
3171,McNicoll,False,Nova Bus LFS
3172,McNicoll,False,Nova Bus LFS
3173,McNicoll,False,Nova Bus LFS
3174,McNicoll,False,Nova Bus LFS
3175,McNicoll,False,Nova Bus LFS
3176,McNicoll,False,Nova Bus LFS
3177,McNicoll,False,Nova Bus LFS
3178,McNicoll,False,Nova Bus LFS
3179,McNicoll,False,Nova Bus LFS
3180,McNicoll,False,Nova Bus LFS
3181,McNicoll,False,Nova Bus LFS
3182,McNicoll,False,Nova Bus LFS
3183,McNicoll,False,Nova Bus LFS
3184,McNicoll,False,Nova Bus LFS
3185,McNicoll,False,Nova Bus LFS
3186,McNicoll,False,Nova Bus LFS
3187,McNicoll,False,Nova Bus LFS
3188,McNicoll,False,Nova Bus LFS
3189,McNicoll,False,Nova Bus LFS
3190,McNicoll,False,Nova Bus LFS
3191,McNicoll,False,Nova Bus LFS
3192,McNicoll,False,Nova Bus LFS
3193,McNicoll,False,Nova Bus LFS
3194,McNicoll,False,Nova Bus LFS
3195,McNicoll,False,Nova Bus LFS
3196,McNicoll,False,Nova Bus LFS
3197,McNicoll,False,Nova Bus LFS
3198,McNicoll,False,Nova Bus LFS
3199,McNicoll,False,Nova Bus LFS
3200,McNicoll,False,Nova Bus LFS
3201,McNicoll,False,Nova Bus LFS
3202,McNicoll,False,Nova Bus LFS
3203,McNicoll,False,Nova Bus LFS
3204,McNicoll,False,Nova Bus LFS
3205,McNicoll,False,Nova Bus LFS
3206,McNicoll,False,Nova Bus LFS
3207,McNicoll,False,Nova Bus LFS
3208,McNicoll,False,Nova Bus LFS
3209,McNicoll,False,Nova Bus LFS
3210,McNicoll,False,Nova Bus LFS
3211,McNicoll,False,Nova Bus LFS
3212,McNicoll,False,Nova Bus LFS
3213,McNicoll,False,Nova Bus LFS
3214,McNicoll,False,Nova Bus LFS
3215,McNicoll,False,Nova Bus LFS
3216,McNicoll,False,Nova Bus LFS
3217,McNicoll,False,Nova Bus LFS
3218,McNicoll,False,Nova Bus LFS
3219,McNicoll,False,Nova Bus LFS
3220,McNicoll,False,Nova Bus LFS
3221,McNicoll,False,Nova Bus LFS
3222,McNicoll,False,Nova Bus LFS
3223,McNicoll,False,Nova Bus LFS
3224,McNicoll,False,Nova Bus LFS
3225,McNicoll,False,Nova Bus LFS
3226,McNicoll,False,Nova Bus LFS
3227,McNicoll,False,Nova Bus LFS
3228,McNicoll,False,Nova Bus LFS
3229,McNicoll,False,Nova Bus LFS
3230,McNicoll,False,Nova Bus LFS
3231,McNicoll,False,Nova Bus LFS
3232,McNicoll,False,Nova Bus LFS
3233,McNicoll,False,Nova Bus LFS
3234,McNicoll,False,Nova Bus LFS
3235,McNicoll,False,Nova Bus LFS
3236,McNicoll,False,Nova Bus LFS
3237,McNicoll,False,Nova Bus LFS
3238,McNicoll,False,Nova Bus LFS
3239,McNicoll,False,Nova Bus LFS
3240,McNicoll,False,Nova Bus LFS
3241,McNicoll,False,Nova Bus LFS
3242,McNicoll,False,Nova Bus LFS
3243,McNicoll,False,Nova Bus LFS
3244,McNicoll,False,Nova Bus LFS
3245,McNicoll,False,Nova Bus LFS
3246,McNicoll,False,Nova Bus LFS
3247,McNicoll,False,Nova Bus LFS
3248,McNicoll,False,Nova Bus LFS
3249,McNicoll,False,Nova Bus LFS
3250,McNicoll,False,Nova Bus LFS
3251,McNicoll,False,Nova Bus LFS
3252,McNicoll,False,Nova Bus LFS
3253,McNicoll,False,Nova Bus LFS
3254,McNicoll,False,Nova Bus LFS
3255,McNicoll,False,Nova Bus LFS
3256,McNicoll,False,Nova Bus LFS
3257,McNicoll,False,Nova Bus LFS
3258,McNicoll,False,Nova Bus LFS
3259,McNicoll,False,Nova Bus LFS
3260,McNicoll,False,Nova Bus LFS
3261,McNicoll,False,Nova Bus LFS
3262,McNicoll,False,Nova Bus LFS
3263,McNicoll,False,Nova Bus LFS
3264,McNicoll,False,Nova Bus LFS
3265,McNicoll,False,Nova Bus LFS
3266,McNicoll,False,Nova Bus LFS
3267,McNicoll,False,Nova Bus LFS
3268,McNicoll,False,Nova Bus LFS
3269,McNicoll,False,Nova Bus LFS
3270,McNicoll,False,Nova Bus LFS
3271,McNicoll,False,Nova Bus LFS
3272,McNicoll,False,Nova Bus LFS
3273,McNicoll,False,Nova Bus LFS
3274,McNicoll,False,Nova Bus LFS
3275,McNicoll,False,Nova Bus LFS
3276,McNicoll,False,Nova Bus LFS
3277,McNicoll,False,Nova Bus LFS
3278,McNicoll,False,Nova Bus LFS
3279,McNicoll,False,Nova Bus LFS
3280,McNicoll,False,Nova Bus LFS
3281,McNicoll,False,Nova Bus LFS
3282,McNicoll,False,Nova Bus LFS
3283,McNicoll,False,Nova Bus LFS
3284,McNicoll,False,Nova Bus LFS
3285,McNicoll,False,Nova Bus LFS
3286,McNicoll,False,Nova Bus LFS
3287,McNicoll,False,Nova Bus LFS
3288,McNicoll,False,Nova Bus LFS
3289,McNicoll,False,Nova Bus LFS
3290,McNicoll,False,Nova Bus LFS
3291,McNicoll,False,Nova Bus LFS
3292,McNicoll,False,Nova Bus LFS
3293,McNicoll,False,Nova Bus LFS
3294,McNicoll,False,Nova Bus LFS
3295,McNicoll,False,Nova Bus LFS
3296,McNicoll,False,Nova Bus LFS
3297,McNicoll,False,Nova Bus LFS
3298,McNicoll,False,Nova Bus LFS
3299,McNicoll,False,Nova Bus LFS
3300,McNicoll,False,Nova Bus LFS
3301,McNicoll,False,Nova Bus LFS
3302,McNicoll,False,Nova Bus LFS
3303,McNicoll,False,Nova Bus LFS
3304,McNicoll,False,Nova Bus LFS
3305,McNicoll,False,Nova Bus LFS
3306,McNicoll,False,Nova Bus LFS
3307,McNicoll,False,Nova Bus LFS
3308,McNicoll,False,Nova Bus LFS
3309,McNicoll,False,Nova Bus LFS
3310,McNicoll,False,Nova Bus LFS
3311,McNicoll,False,Nova Bus LFS
3312,McNicoll,False,Nova Bus LFS
3313,McNicoll,False,Nova Bus LFS
3314,McNicoll,False,Nova Bus LFS
3315,McNicoll,False,Nova Bus LFS
3316,McNicoll,False,Nova Bus LFS
3317,McNicoll,False,Nova Bus LFS
3318,McNicoll,False,Nova Bus LFS
3319,McNicoll,False,Nova Bus LFS
3320,McNicoll,False,Nova Bus LFS
3321,McNicoll,False,Nova Bus LFS
3322,Queensway,False,Nova Bus LFS
3323,Queensway,False,Nova Bus LFS
3324,Queensway,False,Nova Bus LFS
3325,Queensway,False,Nova Bus LFS
3326,Queensway,False,Nova Bus LFS
3327,Queensway,False,Nova Bus LFS
3328,Queensway,False,Nova Bus LFS
3329,Queensway,False,Nova Bus LFS
3330,Queensway,False,Nova Bus LFS
3331,Queensway,False,Nova Bus LFS
3332,Queensway,False,Nova Bus LFS
3333,Queensway,False,Nova Bus LFS
3334,Queensway,False,Nova Bus LFS
3335,Queensway,False,Nova Bus LFS
3336,Queensway,False,Nova Bus LFS
3337,Queensway,False,Nova Bus LFS
3338,Queensway,False,Nova Bus LFS
3339,Queensway,False,Nova Bus LFS
3340,Queensway,False,Nova Bus LFS
3341,Queensway,False,Nova Bus LFS
3342,Queensway,False,Nova Bus LFS
3343,Queensway,False,Nova Bus LFS
3344,Queensway,False,Nova Bus LFS
3345,Queensway,False,Nova Bus LFS
3346,Queensway,False,Nova Bus LFS
3347,Queensway,False,Nova Bus LFS
3348,Queensway,False,Nova Bus LFS
3349,Queensway,False,Nova Bus LFS
3350,Queensway,False,Nova Bus LFS
3351,Queensway,False,Nova Bus LFS
3352,Queensway,False,Nova Bus LFS
3353,Queensway,False,Nova Bus LFS
3354,Queensway,False,Nova Bus LFS
3355,Queensway,False,Nova Bus LFS
3356,Queensway,False,Nova Bus LFS
3357,Queensway,False,Nova Bus LFS
3358,Queensway,False,Nova Bus LFS
3359,Queensway,False,Nova Bus LFS
3360,Queensway,False,Nova Bus LFS
3361,Queensway,False,Nova Bus LFS
3362,Queensway,False,Nova Bus LFS
3363,Queensway,False,Nova Bus LFS
3364,Queensway,False,Nova Bus LFS
3365,Queensway,False,Nova Bus LFS
3366,Queensway,False,Nova Bus LFS
3367,Queensway,False,Nova Bus LFS
3368,Queensway,False,Nova Bus LFS
3369,Queensway,False,Nova Bus LFS
3400,Malvern,False,Nova Bus LFS HEV
3401,Malvern,False,Nova Bus LFS HEV
3402,Malvern,False,Nova Bus LFS HEV
3403,Malvern,False,Nova Bus LFS HEV
3404,Malvern,False,Nova Bus LFS HEV
3405,Malvern,False,Nova Bus LFS HEV
3406,Malvern,False,Nova Bus LFS HEV
3407,Malvern,False,Nova Bus LFS HEV
3408,Malvern,False,Nova Bus LFS HEV
3409,Malvern,False,Nova Bus LFS HEV
3410,Malvern,False,Nova Bus LFS HEV
3411,Malvern,False,Nova Bus LFS HEV
3412,Malvern,False,Nova Bus LFS HEV
3413,Malvern,False,Nova Bus LFS HEV
3414,Malvern,False,Nova Bus LFS HEV
3415,Malvern,False,Nova Bus LFS HEV
3416,Malvern,False,Nova Bus LFS HEV
3417,Malvern,False,Nova Bus LFS HEV
3418,Malvern,False,Nova Bus LFS HEV
3419,Malvern,False,Nova Bus LFS HEV
3420,Malvern,False,Nova Bus LFS HEV
3421,Malvern,False,Nova Bus LFS HEV
3422,Malvern,False,Nova Bus LFS HEV
3423,Malvern,False,Nova Bus LFS HEV
3424,Malvern,False,Nova Bus LFS HEV
3425,Malvern,False,Nova Bus LFS HEV
3426,Malvern,False,Nova Bus LFS HEV
3427,Malvern,False,Nova Bus LFS HEV
3428,Malvern,False,Nova Bus LFS HEV
3429,Malvern,False,Nova Bus LFS HEV
3430,Malvern,False,Nova Bus LFS HEV
3431,Malvern,False,Nova Bus LFS HEV
3432,Malvern,False,Nova Bus LFS HEV
3433,Malvern,False,Nova Bus LFS HEV
3434,Malvern,False,Nova Bus LFS HEV
3435,Malvern,False,Nova Bus LFS HEV
3436,Malvern,False,Nova Bus LFS HEV
3437,Malvern,False,Nova Bus LFS HEV
3438,Malvern,False,Nova Bus LFS HEV
3439,Malvern,False,Nova Bus LFS HEV
3440,Malvern,False,Nova Bus LFS HEV
3441,Malvern,False,Nova Bus LFS HEV
3442,Malvern,False,Nova Bus LFS HEV
3443,Malvern,False,Nova Bus LFS HEV
3444,Malvern,False,Nova Bus LFS HEV
3445,Malvern,False,Nova Bus LFS HEV
3446,Malvern,False,Nova Bus LFS HEV
3447,Malvern,False,Nova Bus LFS HEV
3448,Malvern,False,Nova Bus LFS HEV
3449,Malvern,False,Nova Bus LFS HEV
3450,Malvern,False,Nova Bus LFS HEV
3451,Malvern,False,Nova Bus LFS HEV
3452,Malvern,False,Nova Bus LFS HEV
3453,Malvern,False,Nova Bus LFS HEV
3454,Malvern,False,Nova Bus LFS HEV
3455,Malvern,False,Nova Bus LFS HEV
3456,Malvern,False,Nova Bus LFS HEV
3457,Malvern,False,Nova Bus LFS HEV
3458,Malvern,False,Nova Bus LFS HEV
3459,Malvern,False,Nova Bus LFS HEV
3460,Malvern,False,Nova Bus LFS HEV
3461,Malvern,False,Nova Bus LFS HEV
3462,Malvern,False,Nova Bus LFS HEV
3463,Malvern,False,Nova Bus LFS HEV
3464,Malvern,False,Nova Bus LFS HEV
3465,Malvern,False,Nova Bus LFS HEV
3466,Malvern,False,Nova Bus LFS HEV
3467,Malvern,False,Nova Bus LFS HEV
3468,Malvern,False,Nova Bus LFS HEV
3469,Malvern,False,Nova Bus LFS HEV
3470,Malvern,False,Nova Bus LFS HEV
3471,Malvern,False,Nova Bus LFS HEV
3472,Malvern,False,Nova Bus LFS HEV
3473,Malvern,False,Nova Bus LFS HEV
3474,Malvern,False,Nova Bus LFS HEV
3475,Malvern,False,Nova Bus LFS HEV
3476,Malvern,False,Nova Bus LFS HEV
3477,Malvern,False,Nova Bus LFS HEV
3478,Malvern,False,Nova Bus LFS HEV
3479,Malvern,False,Nova Bus LFS HEV
3480,Malvern,False,Nova Bus LFS HEV
3481,Malvern,False,Nova Bus LFS HEV
3482,Malvern,False,Nova Bus LFS HEV
3483,Malvern,False,Nova Bus LFS HEV
3484,Malvern,False,Nova Bus LFS HEV
3485,Malvern,False,Nova Bus LFS HEV
3486,Malvern,False,Nova Bus LFS HEV
3487,Malvern,False,Nova Bus LFS HEV
3488,Malvern,False,Nova Bus LFS HEV
3489,Malvern,False,Nova Bus LFS HEV
3490,Malvern,False,Nova Bus LFS HEV
3491,Malvern,False,Nova Bus LFS HEV
3492,Malvern,False,Nova Bus LFS HEV
3493,Malvern,False,Nova Bus LFS HEV
3494,Malvern,False,Nova Bus LFS HEV
3495,Malvern,False,Nova Bus LFS HEV
3496,Malvern,False,Nova Bus LFS HEV
3497,Malvern,False,Nova Bus LFS HEV
3498,Malvern,False,Nova Bus LFS HEV
3499,Malvern,False,Nova Bus LFS HEV
3500,Wilson,False,Nova Bus LFS HEV
3501,Wilson,False,Nova Bus LFS HEV
3502,Wilson,False,Nova Bus LFS HEV
3503,Wilson,False,Nova Bus LFS HEV
3504,Wilson,False,Nova Bus LFS HEV
3505,Wilson,False,Nova Bus LFS HEV
3506,Wilson,False,Nova Bus LFS HEV
3507,Wilson,False,Nova Bus LFS HEV
3508,Wilson,False,Nova Bus LFS HEV
3509,Malvern,False,Nova Bus LFS HEV
3510,Wilson,False,Nova Bus LFS HEV
3511,Wilson,False,Nova Bus LFS HEV
3512,Wilson,False,Nova Bus LFS HEV
3513,Wilson,False,Nova Bus LFS HEV
3514,Wilson,False,Nova Bus LFS HEV
3515,Wilson,False,Nova Bus LFS HEV
3516,Wilson,False,Nova Bus LFS HEV
3517,Wilson,False,Nova Bus LFS HEV
3518,Wilson,False,Nova Bus LFS HEV
3519,Wilson,False,Nova Bus LFS HEV
3520,Wilson,False,Nova Bus LFS HEV
3521,Wilson,False,Nova Bus LFS HEV
3522,Wilson,False,Nova Bus LFS HEV
3523,Wilson,False,Nova Bus LFS HEV
3524,Wilson,False,Nova Bus LFS HEV
3525,Wilson,False,Nova Bus LFS HEV
3526,Wilson,False,Nova Bus LFS HEV
3527,Wilson,False,Nova Bus LFS HEV
3528,Wilson,False,Nova Bus LFS HEV
3529,Wilson,False,Nova Bus LFS HEV
3530,Wilson,False,Nova Bus LFS HEV
3531,Wilson,False,Nova Bus LFS HEV
3532,Wilson,False,Nova Bus LFS HEV
3533,Wilson,False,Nova Bus LFS HEV
3534,Arrow,False,Nova Bus LFS HEV
3535,Arrow,False,Nova Bus LFS HEV
3536,Arrow,False,Nova Bus LFS HEV
3537,Arrow,False,Nova Bus LFS HEV
3538,Arrow,False,Nova Bus LFS HEV
3539,Arrow,False,Nova Bus LFS HEV
3540,Arrow,False,Nova Bus LFS HEV
3541,Arrow,False,Nova Bus LFS HEV
3542,Arrow,False,Nova Bus LFS HEV
3543,Arrow,False,Nova Bus LFS HEV
3544,Arrow,False,Nova Bus LFS HEV
3545,Arrow,False,Nova Bus LFS HEV
3546,Arrow,False,Nova Bus LFS HEV
3547,Arrow,False,Nova Bus LFS HEV
3548,Wilson,False,Nova Bus LFS HEV
3549,Wilson,False,Nova Bus LFS HEV
3550,Arrow,False,Nova Bus LFS HEV
3551,Arrow,False,Nova Bus LFS HEV
3552,Arrow,False,Nova Bus LFS HEV
3553,Arrow,False,Nova Bus LFS HEV
3554,Arrow,False,Nova Bus LFS HEV
3555,Wilson,False,Nova Bus LFS HEV
3556,Arrow,False,Nova Bus LFS HEV
3557,Arrow,False,Nova Bus LFS HEV
3558,Arrow,False,Nova Bus LFS HEV
3559,Arrow,False,Nova Bus LFS HEV
3560,Arrow,False,Nova Bus LFS HEV
3561,Arrow,False,Nova Bus LFS HEV
3562,Arrow,False,Nova Bus LFS HEV
3563,Arrow,False,Nova Bus LFS HEV
3564,Arrow,False,Nova Bus LFS HEV
3565,Arrow,False,Nova Bus LFS HEV
3566,Arrow,False,Nova Bus LFS HEV
3567,Arrow,False,Nova Bus LFS HEV
3568,Arrow,False,Nova Bus LFS HEV
3569,Arrow,False,Nova Bus LFS HEV
3570,Arrow,False,Nova Bus LFS HEV
3571,Arrow,False,Nova Bus LFS HEV
3572,Arrow,False,Nova Bus LFS HEV
3573,Arrow,False,Nova Bus LFS HEV
3574,Arrow,False,Nova Bus LFS HEV
3575,Arrow,False,Nova Bus LFS HEV
3576,Arrow,False,Nova Bus LFS HEV
3577,Arrow,False,Nova Bus LFS HEV
3578,Arrow,False,Nova Bus LFS HEV
3579,Arrow,False,Nova Bus LFS HEV
3580,Arrow,False,Nova Bus LFS HEV
3581,Arrow,False,Nova Bus LFS HEV
3582,Arrow,False,Nova Bus LFS HEV
3583,Arrow,False,Nova Bus LFS HEV
3584,Arrow,False,Nova Bus LFS HEV
3585,Arrow,False,Nova Bus LFS HEV
3586,Arrow,False,Nova Bus LFS HEV
3587,Arrow,False,Nova Bus LFS HEV
3588,Arrow,False,Nova Bus LFS HEV
3589,Arrow,False,Nova Bus LFS HEV
3590,Arrow,False,Nova Bus LFS HEV
3591,Arrow,False,Nova Bus LFS HEV
3592,Arrow,False,Nova Bus LFS HEV
3593,Arrow,False,Nova Bus LFS HEV
3594,Arrow,False,Nova Bus LFS HEV
3595,Arrow,False,Nova Bus LFS HEV
3596,Arrow,False,Nova Bus LFS HEV
3597,Arrow,False,Nova Bus LFS HEV
3598,Arrow,False,Nova Bus LFS HEV
3599,Arrow,False,Nova Bus LFS HEV
3600,Arrow,False,Nova Bus LFS HEV
3601,Arrow,False,Nova Bus LFS HEV
3602,Arrow,False,Nova Bus LFS HEV
3603,Arrow,False,Nova Bus LFS HEV
3604,Arrow,False,Nova Bus LFS HEV
3605,Arrow,False,Nova Bus LFS HEV
3606,Arrow,False,Nova Bus LFS HEV
3607,Arrow,False,Nova Bus LFS HEV
3608,Arrow,False,Nova Bus LFS HEV
3609,Arrow,False,Nova Bus LFS HEV
3610,Arrow,False,Nova Bus LFS HEV
3611,Arrow,False,Nova Bus LFS HEV
3612,Arrow,False,Nova Bus LFS HEV
3613,Arrow,False,Nova Bus LFS HEV
3614,Arrow,False,Nova Bus LFS HEV
3615,Arrow,False,Nova Bus LFS HEV
3616,Arrow,False,Nova Bus LFS HEV
3617,Arrow,False,Nova Bus LFS HEV
3618,Arrow,False,Nova Bus LFS HEV
3619,Arrow,False,Nova Bus LFS HEV
3620,Arrow,False,Nova Bus LFS HEV
3621,Arrow,False,Nova Bus LFS HEV
3622,Arrow,False,Nova Bus LFS HEV
3623,Arrow,False,Nova Bus LFS HEV
3624,Arrow,False,Nova Bus LFS HEV
3625,Arrow,False,Nova Bus LFS HEV
3626,Arrow,False,Nova Bus LFS HEV
3627,Arrow,False,Nova Bus LFS HEV
3628,Arrow,False,Nova Bus LFS HEV
3629,Arrow,False,Nova Bus LFS HEV
3630,Arrow,False,Nova Bus LFS HEV
3631,Arrow,False,Nova Bus LFS HEV
3632,Arrow,False,Nova Bus LFS HEV
3633,Arrow,False,Nova Bus LFS HEV
3634,Arrow,False,Nova Bus LFS HEV
3635,Arrow,False,Nova Bus LFS HEV
3636,Arrow,False,Nova Bus LFS HEV
3637,Arrow,False,Nova Bus LFS HEV
3638,Arrow,False,Nova Bus LFS HEV
3639,Arrow,False,Nova Bus LFS HEV
3640,Malvern,False,Nova Bus LFS HEV
3641,Malvern,False,Nova Bus LFS HEV
3642,Malvern,False,Nova Bus LFS HEV
3643,Malvern,False,Nova Bus LFS HEV
3644,Malvern,False,Nova Bus LFS HEV
3645,Malvern,False,Nova Bus LFS HEV
3646,Malvern,False,Nova Bus LFS HEV
3647,Malvern,False,Nova Bus LFS HEV
3648,Malvern,False,Nova Bus LFS HEV
3649,Malvern,False,Nova Bus LFS HEV
3650,Malvern,False,Nova Bus LFS HEV
3651,Malvern,False,Nova Bus LFS HEV
3652,Malvern,False,Nova Bus LFS HEV
3653,Malvern,False,Nova Bus LFS HEV
3654,Malvern,False,Nova Bus LFS HEV
3700,Arrow,False,New Flyer XE40
3701,Arrow,False,New Flyer XE40
3702,Arrow,False,New Flyer XE40
3703,Arrow,False,New Flyer XE40
3704,Arrow,False,New Flyer XE40
3705,Arrow,False,New Flyer XE40
3706,Arrow,False,New Flyer XE40
3707,Arrow,False,New Flyer XE40
3708,Arrow,False,New Flyer XE40
3709,Arrow,False,New Flyer XE40
3710,Arrow,False,New Flyer XE40
3711,Birchmount,False,New Flyer XE40
3712,Birchmount,False,New Flyer XE40
3713,Arrow,False,New Flyer XE40
3714,Arrow,False,New Flyer XE40
3715,Birchmount,False,New Flyer XE40
3716,Birchmount,False,New Flyer XE40
3717,Birchmount,False,New Flyer XE40
3718,Birchmount,False,New Flyer XE40
3719,Birchmount,False,New Flyer XE40
3720,Birchmount,False,New Flyer XE40
3721,Arrow,False,New Flyer XE40
3722,Birchmount,False,New Flyer XE40
3723,Birchmount,False,New Flyer XE40
3724,Arrow,False,New Flyer XE40
3725,Mount Dennis,False,Proterra Catalyst BE40
3726,Mount Dennis,False,Proterra Catalyst BE40
3727,Mount Dennis,False,Proterra Catalyst BE40
3728,Mount Dennis,False,Proterra Catalyst BE40
3729,Mount Dennis,False,Proterra Catalyst BE40
3730,Mount Dennis,False,Proterra Catalyst BE40
3731,Mount Dennis,False,Proterra Catalyst BE40
3732,Mount Dennis,False,Proterra Catalyst BE40
3733,Mount Dennis,False,Proterra Catalyst BE40
3734,Mount Dennis,False,Proterra Catalyst BE40
3735,Mount Dennis,False,Proterra Catalyst BE40
3736,Mount Dennis,False,Proterra Catalyst BE40
3737,Mount Dennis,False,Proterra Catalyst BE40
3738,Mount Dennis,False,Proterra Catalyst BE40
3739,Mount Dennis,False,Proterra Catalyst BE40
3740,Mount Dennis,False,Proterra Catalyst BE40
3741,Mount Dennis,False,Proterra Catalyst BE40
3742,Mount Dennis,False,Proterra Catalyst BE40
3743,Mount Dennis,False,Proterra Catalyst BE40
3744,Mount Dennis,False,Proterra Catalyst BE40
3745,Mount Dennis,False,Proterra Catalyst BE40
3746,Mount Dennis,False,Proterra Catalyst BE40
3747,Mount Dennis,False,Proterra Catalyst BE40
3748,Mount Dennis,False,Proterra Catalyst BE40
3749,Mount Dennis,False,Proterra Catalyst BE40
3750,Eglinton,False,BYD K9M
3751,Eglinton,False,BYD K9M
3752,Eglinton,False,BYD K9M
3753,Eglinton,False,BYD K9M
3754,Eglinton,False,BYD K9M
3755,Eglinton,False,BYD K9M
3756,Eglinton,False,BYD K9M
3757,Eglinton,False,BYD K9M
3758,Eglinton,False,BYD K9M
3759,Eglinton,False,BYD K9M
7000,Wilson,False,Nova Bus LFS HEV
7001,Wilson,False,Nova Bus LFS HEV
7002,Wilson,False,Nova Bus LFS HEV
7003,Wilson,False,Nova Bus LFS HEV
7004,Wilson,False,Nova Bus LFS HEV
7005,Wilson,False,Nova Bus LFS HEV
7006,Wilson,False,Nova Bus LFS HEV
7007,Wilson,False,Nova Bus LFS HEV
7008,Wilson,False,Nova Bus LFS HEV
7009,Wilson,False,Nova Bus LFS HEV
7010,Wilson,False,Nova Bus LFS HEV
7011,Wilson,False,Nova Bus LFS HEV
7012,Wilson,False,Nova Bus LFS HEV
7013,Wilson,False,Nova Bus LFS HEV
7014,Wilson,False,Nova Bus LFS HEV
7015,Wilson,False,Nova Bus LFS HEV
7016,Wilson,False,Nova Bus LFS HEV
7017,Wilson,False,Nova Bus LFS HEV
7018,Wilson,False,Nova Bus LFS HEV
7019,Wilson,False,Nova Bus LFS HEV
7020,Wilson,False,Nova Bus LFS HEV
7021,Wilson,False,Nova Bus LFS HEV
7022,Wilson,False,Nova Bus LFS HEV
7023,Wilson,False,Nova Bus LFS HEV
7024,Wilson,False,Nova Bus LFS HEV
7025,Wilson,False,Nova Bus LFS HEV
7026,Wilson,False,Nova Bus LFS HEV
7027,Wilson,False,Nova Bus LFS HEV
7028,Wilson,False,Nova Bus LFS HEV
7029,Wilson,False,Nova Bus LFS HEV
7030,Wilson,False,Nova Bus LFS HEV
7031,Wilson,False,Nova Bus LFS HEV
7032,Wilson,False,Nova Bus LFS HEV
7033,Wilson,False,Nova Bus LFS HEV
7034,Wilson,False,Nova Bus LFS HEV
7035,Wilson,False,Nova Bus LFS HEV
7036,Wilson,False,Nova Bus LFS HEV
7037,Wilson,False,Nova Bus LFS HEV
7038,Wilson,False,Nova Bus LFS HEV
7039,Wilson,False,Nova Bus LFS HEV
7040,Wilson,False,Nova Bus LFS HEV
7041,Wilson,False,Nova Bus LFS HEV
7042,Wilson,False,Nova Bus LFS HEV
7043,Wilson,False,Nova Bus LFS HEV
7044,Wilson,False,Nova Bus LFS HEV
7045,Wilson,False,Nova Bus LFS HEV
7046,Wilson,False,Nova Bus LFS HEV
7047,Wilson,False,Nova Bus LFS HEV
7048,Wilson,False,Nova Bus LFS HEV
7049,Wilson,False,Nova Bus LFS HEV
7050,Wilson,False,Nova Bus LFS HEV
7051,Wilson,False,Nova Bus LFS HEV
7052,Wilson,False,Nova Bus LFS HEV
7053,Wilson,False,Nova Bus LFS HEV
7054,Wilson,False,Nova Bus LFS HEV
7055,Wilson,False,Nova Bus LFS HEV
7056,Wilson,False,Nova Bus LFS HEV
7057,Wilson,False,Nova Bus LFS HEV
7058,Wilson,False,Nova Bus LFS HEV
7059,Wilson,False,Nova Bus LFS HEV
7060,Wilson,False,Nova Bus LFS HEV
7061,Wilson,False,Nova Bus LFS HEV
7062,Wilson,False,Nova Bus LFS HEV
7063,Wilson,False,Nova Bus LFS HEV
7064,Wilson,False,Nova Bus LFS HEV
7065,Wilson,False,Nova Bus LFS HEV
7066,Wilson,False,Nova Bus LFS HEV
7067,Wilson,False,Nova Bus LFS HEV
7068,Wilson,False,Nova Bus LFS HEV
7069,Wilson,False,Nova Bus LFS HEV
7070,Wilson,False,Nova Bus LFS HEV
7071,Wilson,False,Nova Bus LFS HEV
7072,Wilson,False,Nova Bus LFS HEV
7073,Wilson,False,Nova Bus LFS HEV
7074,Wilson,False,Nova Bus LFS HEV
7075,Wilson,False,Nova Bus LFS HEV
7076,Wilson,False,Nova Bus LFS HEV
7077,Wilson,False,Nova Bus LFS HEV
7078,Wilson,False,Nova Bus LFS HEV
7079,Wilson,False,Nova Bus LFS HEV
7080,Wilson,False,Nova Bus LFS HEV
7081,Wilson,False,Nova Bus LFS HEV
7082,Wilson,False,Nova Bus LFS HEV
7083,Wilson,False,Nova Bus LFS HEV
7084,Wilson,False,Nova Bus LFS HEV
7085,Wilson,False,Nova Bus LFS HEV
7086,Wilson,False,Nova Bus LFS HEV
7087,Wilson,False,Nova Bus LFS HEV
7088,Wilson,False,Nova Bus LFS HEV
7089,Wilson,False,Nova Bus LFS HEV
7090,Wilson,False,Nova Bus LFS HEV
7091,Wilson,False,Nova Bus LFS HEV
7092,Wilson,False,Nova Bus LFS HEV
7093,Wilson,False,Nova Bus LFS HEV
7094,Wilson,False,Nova Bus LFS HEV
7095,Wilson,False,Nova Bus LFS HEV
7096,Wilson,False,Nova Bus LFS HEV
7097,Wilson,False,Nova Bus LFS HEV
7098,Wilson,False,Nova Bus LFS HEV
7099,Wilson,False,Nova Bus LFS HEV
7100,Wilson,False,Nova Bus LFS HEV
7101,Wilson,False,Nova Bus LFS HEV
7102,Wilson,False,Nova Bus LFS HEV
7103,Wilson,False,Nova Bus LFS HEV
7104,Wilson,False,Nova Bus LFS HEV
7105,Wilson,False,Nova Bus LFS HEV
7106,Wilson,False,Nova Bus LFS HEV
7107,Wilson,False,Nova Bus LFS HEV
7108,Wilson,False,Nova Bus LFS HEV
7109,Wilson,False,Nova Bus LFS HEV
7110,Wilson,False,Nova Bus LFS HEV
7111,Wilson,False,Nova Bus LFS HEV
7112,Wilson,False,Nova Bus LFS HEV
7113,Wilson,False,Nova Bus LFS HEV
7114,Wilson,False,Nova Bus LFS HEV
7115,Wilson,False,Nova Bus LFS HEV
7116,Wilson,False,Nova Bus LFS HEV
7117,Wilson,False,Nova Bus LFS HEV
7118,Wilson,False,Nova Bus LFS HEV
7119,Wilson,False,Nova Bus LFS HEV
7120,Wilson,False,Nova Bus LFS HEV
7121,Wilson,False,Nova Bus LFS HEV
7122,Wilson,False,Nova Bus LFS HEV
7123,Wilson,False,Nova Bus LFS HEV
7124,Wilson,False,Nova Bus LFS HEV
7125,Wilson,False,Nova Bus LFS HEV
7126,Wilson,False,Nova Bus LFS HEV
7127,Wilson,False,Nova Bus LFS HEV
7128,Wilson,False,Nova Bus LFS HEV
7129,Wilson,False,Nova Bus LFS HEV
7130,Wilson,False,Nova Bus LFS HEV
7131,Wilson,False,Nova Bus LFS HEV
7132,Wilson,False,Nova Bus LFS HEV
7133,Wilson,False,Nova Bus LFS HEV
7200,Mount Dennis,False,New Flyer XDE40
7201,Mount Dennis,False,New Flyer XDE40
7202,Mount Dennis,False,New Flyer XDE40
7203,Mount Dennis,False,New Flyer XDE40
7204,Mount Dennis,False,New Flyer XDE40
7205,Mount Dennis,False,New Flyer XDE40
7206,Mount Dennis,False,New Flyer XDE40
7207,Mount Dennis,False,New Flyer XDE40
7208,Mount Dennis,False,New Flyer XDE40
7209,Mount Dennis,False,New Flyer XDE40
7210,Mount Dennis,False,New Flyer XDE40
7211,Mount Dennis,False,New Flyer XDE40
7212,Mount Dennis,False,New Flyer XDE40
7213,Mount Dennis,False,New Flyer XDE40
7214,Mount Dennis,False,New Flyer XDE40
7215,Mount Dennis,False,New Flyer XDE40
7216,Mount Dennis,False,New Flyer XDE40
7217,Mount Dennis,False,New Flyer XDE40
7218,Mount Dennis,False,New Flyer XDE40
7219,Mount Dennis,False,New Flyer XDE40
7220,Mount Dennis,False,New Flyer XDE40
7221,Mount Dennis,False,New Flyer XDE40
7222,Mount Dennis,False,New Flyer XDE40
7223,Mount Dennis,False,New Flyer XDE40
7224,Mount Dennis,False,New Flyer XDE40
7225,Mount Dennis,False,New Flyer XDE40
7226,Mount Dennis,False,New Flyer XDE40
7227,Mount Dennis,False,New Flyer XDE40
7228,Mount Dennis,False,New Flyer XDE40
7229,Mount Dennis,False,New Flyer XDE40
7230,Mount Dennis,False,New Flyer XDE40
7231,Mount Dennis,False,New Flyer XDE40
7232,Mount Dennis,False,New Flyer XDE40
7233,Mount Dennis,False,New Flyer XDE40
7234,Mount Dennis,False,New Flyer XDE40
7235,Mount Dennis,False,New Flyer XDE40
7236,Mount Dennis,False,New Flyer XDE40
7237,Mount Dennis,False,New Flyer XDE40
7238,Mount Dennis,False,New Flyer XDE40
7239,Mount Dennis,False,New Flyer XDE40
7240,Mount Dennis,False,New Flyer XDE40
7241,Mount Dennis,False,New Flyer XDE40
7242,Mount Dennis,False,New Flyer XDE40
7243,Mount Dennis,False,New Flyer XDE40
7244,Mount Dennis,False,New Flyer XDE40
7245,Mount Dennis,False,New Flyer XDE40
7246,Mount Dennis,False,New Flyer XDE40
7247,Mount Dennis,False,New Flyer XDE40
7248,Mount Dennis,False,New Flyer XDE40
7249,Mount Dennis,False,New Flyer XDE40
7250,Mount Dennis,False,New Flyer XDE40
7251,Mount Dennis,False,New Flyer XDE40
7252,Mount Dennis,False,New Flyer XDE40
7253,Mount Dennis,False,New Flyer XDE40
7254,Mount Dennis,False,New Flyer XDE40
7255,Mount Dennis,False,New Flyer XDE40
7256,Mount Dennis,False,New Flyer XDE40
7257,Mount Dennis,False,New Flyer XDE40
7258,Mount Dennis,False,New Flyer XDE40
7259,Mount Dennis,False,New Flyer XDE40
7260,Mount Dennis,False,New Flyer XDE40
7261,Mount Dennis,False,New Flyer XDE40
7262,Mount Dennis,False,New Flyer XDE40
7263,Mount Dennis,False,New Flyer XDE40
7264,Mount Dennis,False,New Flyer XDE40
7265,Mount Dennis,False,New Flyer XDE40
7266,Mount Dennis,False,New Flyer XDE40
7267,Mount Dennis,False,New Flyer XDE40
7268,Mount Dennis,False,New Flyer XDE40
7269,Mount Dennis,False,New Flyer XDE40
7270,Mount Dennis,False,New Flyer XDE40
7271,Mount Dennis,False,New Flyer XDE40
7272,Mount Dennis,False,New Flyer XDE40
7273,Mount Dennis,False,New Flyer XDE40
7274,Mount Dennis,False,New Flyer XDE40
7275,Mount Dennis,False,New Flyer XDE40
7276,Mount Dennis,False,New Flyer XDE40
7277,Mount Dennis,False,New Flyer XDE40
7278,Mount Dennis,False,New Flyer XDE40
7279,Mount Dennis,False,New Flyer XDE40
7280,Mount Dennis,False,New Flyer XDE40
7281,Mount Dennis,False,New Flyer XDE40
7282,Mount Dennis,False,New Flyer XDE40
7283,Mount Dennis,False,New Flyer XDE40
7284,Mount Dennis,False,New Flyer XDE40
7285,Mount Dennis,False,New Flyer XDE40
7286,Mount Dennis,False,New Flyer XDE40
7287,Mount Dennis,False,New Flyer XDE40
7288,Mount Dennis,False,New Flyer XDE40
7289,Mount Dennis,False,New Flyer XDE40
7290,Mount Dennis,False,New Flyer XDE40
7291,Mount Dennis,False,New Flyer XDE40
7292,Mount Dennis,False,New Flyer XDE40
7293,Mount Dennis,False,New Flyer XDE40
7294,Mount Dennis,False,New Flyer XDE40
7295,Mount Dennis,False,New Flyer XDE40
7296,Mount Dennis,False,New Flyer XDE40
7297,Mount Dennis,False,New Flyer XDE40
7298,Mount Dennis,False,New Flyer XDE40
7299,Mount Dennis,False,New Flyer XDE40
7300,Mount Dennis,False,New Flyer XDE40
7301,Mount Dennis,False,New Flyer XDE40
7302,Mount Dennis,False,New Flyer XDE40
7303,Mount Dennis,False,New Flyer XDE40
7304,Mount Dennis,False,New Flyer XDE40
7305,Mount Dennis,False,New Flyer XDE40
7306,Mount Dennis,False,New Flyer XDE40
7307,Mount Dennis,False,New Flyer XDE40
7308,Mount Dennis,False,New Flyer XDE40
7309,Mount Dennis,False,New Flyer XDE40
7310,Mount Dennis,False,New Flyer XDE40
7311,Mount Dennis,False,New Flyer XDE40
7312,Mount Dennis,False,New Flyer XDE40
7313,Mount Dennis,False,New Flyer XDE40
7314,Mount Dennis,False,New Flyer XDE40
7315,Mount Dennis,False,New Flyer XDE40
7316,Mount Dennis,False,New Flyer XDE40
7317,Mount Dennis,False,New Flyer XDE40
7318,Mount Dennis,False,New Flyer XDE40
7319,Mount Dennis,False,New Flyer XDE40
7320,Mount Dennis,False,New Flyer XDE40
7321,Mount Dennis,False,New Flyer XDE40
7322,Mount Dennis,False,New Flyer XDE40
7323,Mount Dennis,False,New Flyer XDE40
7324,Mount Dennis,False,New Flyer XDE40
7325,Mount Dennis,False,New Flyer XDE40
7326,Mount Dennis,False,New Flyer XDE40
7327,Mount Dennis,False,New Flyer XDE40
7328,Mount Dennis,False,New Flyer XDE40
7329,Mount Dennis,False,New Flyer XDE40
7330,Mount Dennis,False,New Flyer XDE40
7331,Mount Dennis,False,New Flyer XDE40
7332,Mount Dennis,False,New Flyer XDE40
7333,Mount Dennis,False,New Flyer XDE40
7909,Queensway,False,Orion 07.501
7910,Queensway,False,Orion 07.501
7912,Queensway,False,Orion 07.501
7913,Queensway,False,Orion 07.501
7914,Queensway,False,Orion 07.501
7915,Queensway,False,Orion 07.501
7916,Queensway,False,Orion 07.501
7917,Queensway,False,Orion 07.501
7918,Queensway,False,Orion 07.501
7919,Queensway,False,Orion 07.501
7920,Queensway,False,Orion 07.501
7921,Queensway,False,Orion 07.501
7922,Queensway,False,Orion 07.501
7923,Queensway,False,Orion 07.501
7924,Queensway,False,Orion 07.501
7925,Queensway,False,Orion 07.501
7926,Queensway,False,Orion 07.501
7927,Queensway,False,Orion 07.501
7928,Queensway,False,Orion 07.501
7930,Queensway,False,Orion 07.501
7931,Queensway,False,Orion 07.501
7932,Queensway,False,Orion 07.501
7933,Queensway,False,Orion 07.501
7934,Queensway,False,Orion 07.501
7935,Queensway,False,Orion 07.501
7938,Queensway,False,Orion 07.501
7940,Queensway,False,Orion 07.501
7941,Queensway,False,Orion 07.501
7942,Queensway,False,Orion 07.501
7943,Queensway,False,Orion 07.501
7944,Queensway,False,Orion 07.501
7945,Queensway,False,Orion 07.501
7946,Queensway,False,Orion 07.501
7947,Queensway,False,Orion 07.501
7948,Queensway,False,Orion 07.501
7949,Queensway,False,Orion 07.501
7951,Queensway,False,Orion 07.501
7952,Queensway,False,Orion 07.501
7954,Queensway,False,Orion 07.501
7959,Queensway,False,Orion 07.501
7960,Queensway,False,Orion 07.501
7962,Queensway,False,Orion 07.501
7963,Queensway,False,Orion 07.501
7964,Queensway,False,Orion 07.501
7965,Queensway,False,Orion 07.501
7966,Queensway,False,Orion 07.501
7967,Queensway,False,Orion 07.501
7968,Queensway,False,Orion 07.501
7969,Queensway,False,Orion 07.501
7970,Queensway,False,Orion 07.501
7971,Queensway,False,Orion 07.501
7972,Queensway,False,Orion 07.501
7973,Queensway,False,Orion 07.501
7974,Queensway,False,Orion 07.501
7975,Queensway,False,Orion 07.501
7976,Queensway,False,Orion 07.501
7977,Queensway,False,Orion 07.501
7978,Queensway,False,Orion 07.501
7979,Queensway,False,Orion 07.501
8000,Queensway,False,Orion 07.501
8001,Queensway,False,Orion 07.501
8002,Queensway,False,Orion 07.501
8003,Queensway,False,Orion 07.501
8004,Queensway,False,Orion 07.501
8005,Queensway,False,Orion 07.501
8006,Queensway,False,Orion 07.501
8007,Queensway,False,Orion 07.501
8008,Queensway,False,Orion 07.501
8009,Queensway,False,Orion 07.501
8010,Queensway,False,Orion 07.501
8011,Queensway,False,Orion 07.501
8012,Queensway,False,Orion 07.501
8013,Queensway,False,Orion 07.501
8014,Queensway,False,Orion 07.501
8015,Queensway,False,Orion 07.501
8016,Queensway,False,Orion 07.501
8017,Queensway,False,Orion 07.501
8018,Queensway,False,Orion 07.501
8019,Queensway,False,Orion 07.501
8020,Queensway,False,Orion 07.501
8021,Queensway,False,Orion 07.501
8022,Queensway,False,Orion 07.501
8023,Queensway,False,Orion 07.501
8024,Queensway,False,Orion 07.501
8025,Queensway,False,Orion 07.501
8026,Queensway,False,Orion 07.501
8027,Queensway,False,Orion 07.501
8028,Queensway,False,Orion 07.501
8029,Queensway,False,Orion 07.501
8030,Queensway,False,Orion 07.501
8031,Queensway,False,Orion 07.501
8032,Queensway,False,Orion 07.501
8033,Queensway,False,Orion 07.501
8034,Queensway,False,Orion 07.501
8035,Queensway,False,Orion 07.501
8036,Queensway,False,Orion 07.501
8037,Queensway,False,Orion 07.501
8038,Queensway,False,Orion 07.501
8039,Queensway,False,Orion 07.501
8040,Queensway,False,Orion 07.501
8041,Queensway,False,Orion 07.501
8042,Queensway,False,Orion 07.501
8043,Queensway,False,Orion 07.501
8044,Queensway,False,Orion 07.501
8046,Queensway,False,Orion 07.501
8047,Queensway,False,Orion 07.501
8048,Queensway,False,Orion 07.501
8049,Queensway,False,Orion 07.501
8050,Queensway,False,Orion 07.501
8051,Queensway,False,Orion 07.501
8052,Queensway,False,Orion 07.501
8053,Queensway,False,Orion 07.501
8054,Queensway,False,Orion 07.501
8055,Queensway,False,Orion 07.501
8056,Queensway,False,Orion 07.501
8057,Queensway,False,Orion 07.501
8059,Queensway,False,Orion 07.501
8060,Queensway,False,Orion 07.501
8061,Queensway,False,Orion 07.501
8062,Queensway,False,Orion 07.501
8063,Queensway,False,Orion 07.501
8064,Queensway,False,Orion 07.501
8065,Queensway,False,Orion 07.501
8066,Queensway,False,Orion 07.501
8067,Queensway,False,Orion 07.501
8068,Queensway,False,Orion 07.501
8069,Queensway,False,Orion 07.501
8070,Queensway,False,Orion 07.501
8071,Queensway,False,Orion 07.501
8072,Queensway,False,Orion 07.501
8073,Queensway,False,Orion 07.501
8074,Queensway,False,Orion 07.501
8075,Queensway,False,Orion 07.501
8076,Queensway,False,Orion 07.501
8077,Queensway,False,Orion 07.501
8078,Queensway,False,Orion 07.501
8079,Queensway,False,Orion 07.501
8080,Queensway,False,Orion 07.501
8081,Queensway,False,Orion 07.501
8082,Queensway,False,Orion 07.501
8083,Queensway,False,Orion 07.501
8084,Queensway,False,Orion 07.501
8085,Queensway,False,Orion 07.501
8086,Queensway,False,Orion 07.501
8087,Queensway,False,Orion 07.501
8088,Queensway,False,Orion 07.501
8089,Queensway,False,Orion 07.501
8090,Queensway,False,Orion 07.501
8091,Queensway,False,Orion 07.501
8092,Queensway,False,Orion 07.501
8093,Queensway,False,Orion 07.501
8094,Queensway,False,Orion 07.501
8096,Queensway,False,Orion 07.501
8097,Queensway,False,Orion 07.501
8098,Queensway,False,Orion 07.501
8099,Queensway,False,Orion 07.501
8100,Queensway,False,Orion 07.501 NG
8101,Queensway,False,Orion 07.501 NG
8102,Queensway,False,Orion 07.501 NG
8103,Queensway,False,Orion 07.501 NG
8104,Queensway,False,Orion 07.501 NG
8105,Queensway,False,Orion 07.501 NG
8106,Queensway,False,Orion 07.501 NG
8107,Queensway,False,Orion 07.501 NG
8108,Queensway,False,Orion 07.501 NG
8109,Queensway,False,Orion 07.501 NG
8110,Queensway,False,Orion 07.501 NG
8111,Queensway,False,Orion 07.501 NG
8112,Queensway,False,Orion 07.501 NG
8113,Queensway,False,Orion 07.501 NG
8114,Queensway,False,Orion 07.501 NG
8115,Queensway,False,Orion 07.501 NG
8116,Queensway,False,Orion 07.501 NG
8117,Queensway,False,Orion 07.501 NG
8118,Queensway,False,Orion 07.501 NG
8119,Queensway,False,Orion 07.501 NG
8120,Queensway,False,Orion 07.501 NG
8121,Queensway,False,Orion 07.501 NG
8122,Queensway,False,Orion 07.501 NG
8123,Queensway,False,Orion 07.501 NG
8124,Wilson,False,Orion 07.501 NG
8125,Queensway,False,Orion 07.501 NG
8126,Queensway,False,Orion 07.501 NG
8127,Queensway,False,Orion 07.501 NG
8128,Queensway,False,Orion 07.501 NG
8129,Queensway,False,Orion 07.501 NG
8130,Wilson,False,Orion 07.501 NG
8131,Queensway,False,Orion 07.501 NG
8132,Queensway,False,Orion 07.501 NG
8133,Queensway,False,Orion 07.501 NG
8134,Queensway,False,Orion 07.501 NG
8135,Queensway,False,Orion 07.501 NG
8136,Queensway,False,Orion 07.501 NG
8137,Queensway,False,Orion 07.501 NG
8138,Queensway,False,Orion 07.501 NG
8139,Queensway ,False,Orion 07.501 NG
8140,Queensway,False,Orion 07.501 NG
8141,Queensway,False,Orion 07.501 NG
8142,Queensway,False,Orion 07.501 NG
8143,Queensway,False,Orion 07.501 NG
8144,Queensway,False,Orion 07.501 NG
8145,Queensway,False,Orion 07.501 NG
8146,Queensway,False,Orion 07.501 NG
8147,Queensway,False,Orion 07.501 NG
8148,Queensway,False,Orion 07.501 NG
8149,Queensway,False,Orion 07.501 NG
8150,Queensway,False,Orion 07.501 NG
8151,Queensway,False,Orion 07.501 NG
8152,Queensway,False,Orion 07.501 NG
8153,Queensway,False,Orion 07.501 NG
8154,Queensway,False,Orion 07.501 NG
8155,Queensway,False,Orion 07.501 NG
8156,Queensway,False,Orion 07.501 NG
8157,Queensway,False,Orion 07.501 NG
8158,Wilson,False,Orion 07.501 NG
8159,Queensway,False,Orion 07.501 NG
8160,Wilson,False,Orion 07.501 NG
8161,Queensway,False,Orion 07.501 NG
8162,Wilson,False,Orion 07.501 NG
8163,Wilson,False,Orion 07.501 NG
8164,Queensway,False,Orion 07.501 NG
8165,Queensway,False,Orion 07.501 NG
8166,Wilson,False,Orion 07.501 NG
8167,Wilson,False,Orion 07.501 NG
8168,Wilson,False,Orion 07.501 NG
8169,Wilson,False,Orion 07.501 NG
8170,Wilson,False,Orion 07.501 NG
8171,Wilson,False,Orion 07.501 NG
8172,Queensway,False,Orion 07.501 NG
8173,Wilson,False,Orion 07.501 NG
8174,Wilson,False,Orion 07.501 NG
8175,Wilson,False,Orion 07.501 NG
8176,Wilson,False,Orion 07.501 NG
8177,Wilson,False,Orion 07.501 NG
8178,Wilson,False,Orion 07.501 NG
8179,Wilson,False,Orion 07.501 NG
8180,Wilson,False,Orion 07.501 NG
8181,Wilson,False,Orion 07.501 NG
8182,Wilson,False,Orion 07.501 NG
8183,Wilson,False,Orion 07.501 NG
8184,Wilson,False,Orion 07.501 NG
8185,Wilson,False,Orion 07.501 NG
8186,Wilson,False,Orion 07.501 NG
8187,Wilson,False,Orion 07.501 NG
8188,Wilson,False,Orion 07.501 NG
8189,Wilson,False,Orion 07.501 NG
8190,Wilson,False,Orion 07.501 NG
8191,Wilson,False,Orion 07.501 NG
8192,Wilson,False,Orion 07.501 NG
8193,Wilson,False,Orion 07.501 NG
8194,Wilson,False,Orion 07.501 NG
8195,Wilson,False,Orion 07.501 NG
8196,Wilson,False,Orion 07.501 NG
8197,Wilson,False,Orion 07.501 NG
8198,Queensway,False,Orion 07.501 NG
8199,Wilson,False,Orion 07.501 NG
8200,Wilson,False,Orion 07.501 NG
8201,Wilson,False,Orion 07.501 NG
8202,Wilson,False,Orion 07.501 NG
8203,Wilson,False,Orion 07.501 NG
8204,Wilson,False,Orion 07.501 NG
8205,Wilson,False,Orion 07.501 NG
8206,Wilson,False,Orion 07.501 NG
8207,Wilson,False,Orion 07.501 NG
8208,Wilson,False,Orion 07.501 NG
8209,Wilson,False,Orion 07.501 NG
8210,Wilson,False,Orion 07.501 NG
8211,Wilson,False,Orion 07.501 NG
8212,Wilson,False,Orion 07.501 NG
8213,Wilson,False,Orion 07.501 NG
8214,Wilson,False,Orion 07.501 NG
8215,Wilson,False,Orion 07.501 NG
8216,Wilson,False,Orion 07.501 NG
8217,Wilson,False,Orion 07.501 NG
8218,Wilson,False,Orion 07.501 NG
8219,Wilson,False,Orion 07.501 NG
8300,Wilson,False,Orion 07.501 EPA10
8301,Wilson,False,Orion 07.501 EPA10
8302,Wilson,False,Orion 07.501 EPA10
8303,Wilson,False,Orion 07.501 EPA10
8304,Wilson,False,Orion 07.501 EPA10
8305,Wilson,False,Orion 07.501 EPA10
8306,Wilson,False,Orion 07.501 EPA10
8307,Wilson,False,Orion 07.501 EPA10
8308,Wilson,False,Orion 07.501 EPA10
8309,Wilson,False,Orion 07.501 EPA10
8310,Wilson,False,Orion 07.501 EPA10
8311,Wilson,False,Orion 07.501 EPA10
8312,Wilson,False,Orion 07.501 EPA10
8313,Wilson,False,Orion 07.501 EPA10
8314,Wilson,False,Orion 07.501 EPA10
8315,Wilson,False,Orion 07.501 EPA10
8316,Wilson,False,Orion 07.501 EPA10
8317,Wilson,False,Orion 07.501 EPA10
8318,Wilson,False,Orion 07.501 EPA10
8319,Wilson,False,Orion 07.501 EPA10
8320,Wilson,False,Orion 07.501 EPA10
8321,Wilson,False,Orion 07.501 EPA10
8322,Wilson,False,Orion 07.501 EPA10
8323,Wilson,False,Orion 07.501 EPA10
8324,Wilson,False,Orion 07.501 EPA10
8325,Wilson,False,Orion 07.501 EPA10
8326,Wilson,False,Orion 07.501 EPA10
8327,Wilson,False,Orion 07.501 EPA10
8328,Wilson,False,Orion 07.501 EPA10
8329,Wilson,False,Orion 07.501 EPA10
8330,Wilson,False,Orion 07.501 EPA10
8331,Wilson,False,Orion 07.501 EPA10
8332,Wilson,False,Orion 07.501 EPA10
8333,Wilson,False,Orion 07.501 EPA10
8334,Wilson,False,Orion 07.501 EPA10
8335,Wilson,False,Orion 07.501 EPA10
8336,Wilson,False,Orion 07.501 EPA10
8337,Wilson,False,Orion 07.501 EPA10
8338,Wilson,False,Orion 07.501 EPA10
8339,Wilson,False,Orion 07.501 EPA10
8340,Wilson,False,Orion 07.501 EPA10
8341,Wilson,False,Orion 07.501 EPA10
8342,Wilson,False,Orion 07.501 EPA10
8343,Wilson,False,Orion 07.501 EPA10
8344,Wilson,False,Orion 07.501 EPA10
8345,Wilson,False,Orion 07.501 EPA10
8346,Wilson,False,Orion 07.501 EPA10
8347,Wilson,False,Orion 07.501 EPA10
8348,Wilson,False,Orion 07.501 EPA10
8349,Wilson,False,Orion 07.501 EPA10
8350,Wilson,False,Orion 07.501 EPA10
8351,Wilson,False,Orion 07.501 EPA10
8352,Wilson,False,Orion 07.501 EPA10
8353,Wilson,False,Orion 07.501 EPA10
8354,Wilson,False,Orion 07.501 EPA10
8355,Wilson,False,Orion 07.501 EPA10
8356,Wilson,False,Orion 07.501 EPA10
8357,Wilson,False,Orion 07.501 EPA10
8358,Wilson,False,Orion 07.501 EPA10
8359,Wilson,False,Orion 07.501 EPA10
8360,Wilson,False,Orion 07.501 EPA10
8361,Wilson,False,Orion 07.501 EPA10
8362,Wilson,False,Orion 07.501 EPA10
8363,Wilson,False,Orion 07.501 EPA10
8364,Wilson,False,Orion 07.501 EPA10
8365,Wilson,False,Orion 07.501 EPA10
8366,Wilson,False,Orion 07.501 EPA10
8367,Wilson,False,Orion 07.501 EPA10
8368,Wilson,False,Orion 07.501 EPA10
8369,Wilson,False,Orion 07.501 EPA10
8370,Wilson,False,Orion 07.501 EPA10
8371,Wilson,False,Orion 07.501 EPA10
8372,Wilson,False,Orion 07.501 EPA10
8373,Wilson,False,Orion 07.501 EPA10
8374,Wilson,False,Orion 07.501 EPA10
8375,Wilson,False,Orion 07.501 EPA10
8376,Wilson,False,Orion 07.501 EPA10
8377,Wilson,False,Orion 07.501 EPA10
8378,Wilson,False,Orion 07.501 EPA10
8379,Wilson,False,Orion 07.501 EPA10
8380,Wilson,False,Orion 07.501 EPA10
8381,Wilson,False,Orion 07.501 EPA10
8382,Wilson,False,Orion 07.501 EPA10
8383,Wilson,False,Orion 07.501 EPA10
8384,Wilson,False,Orion 07.501 EPA10
8385,Wilson,False,Orion 07.501 EPA10
8386,Wilson,False,Orion 07.501 EPA10
8387,Wilson,False,Orion 07.501 EPA10
8388,Wilson,False,Orion 07.501 EPA10
8389,Wilson,False,Orion 07.501 EPA10
8390,Wilson,False,Orion 07.501 EPA10
8391,Wilson,False,Orion 07.501 EPA10
8392,Wilson,False,Orion 07.501 EPA10
8393,Wilson,False,Orion 07.501 EPA10
8394,Wilson,False,Orion 07.501 EPA10
8395,Wilson,False,Orion 07.501 EPA10
8396,Wilson,False,Orion 07.501 EPA10
8400,Birchmount,False,Nova Bus LFS
8401,Birchmount,False,Nova Bus LFS
8402,Birchmount,False,Nova Bus LFS
8403,Birchmount,False,Nova Bus LFS
8404,Birchmount,False,Nova Bus LFS
8405,Birchmount,False,Nova Bus LFS
8406,Birchmount,False,Nova Bus LFS
8407,Birchmount,False,Nova Bus LFS
8408,Birchmount,False,Nova Bus LFS
8409,Birchmount,False,Nova Bus LFS
8410,Birchmount,False,Nova Bus LFS
8411,Birchmount,False,Nova Bus LFS
8412,Birchmount,False,Nova Bus LFS
8413,Birchmount,False,Nova Bus LFS
8414,Birchmount,False,Nova Bus LFS
8415,Birchmount,False,Nova Bus LFS
8416,Birchmount,False,Nova Bus LFS
8417,Birchmount,False,Nova Bus LFS
8418,Birchmount,False,Nova Bus LFS
8419,Birchmount,False,Nova Bus LFS
8420,Birchmount,False,Nova Bus LFS
8421,Birchmount,False,Nova Bus LFS
8422,Birchmount,False,Nova Bus LFS
8423,Birchmount,False,Nova Bus LFS
8424,Birchmount,False,Nova Bus LFS
8425,Birchmount,False,Nova Bus LFS
8426,Birchmount,False,Nova Bus LFS
8427,Birchmount,False,Nova Bus LFS
8428,Birchmount,False,Nova Bus LFS
8429,Birchmount,False,Nova Bus LFS
8430,Birchmount,False,Nova Bus LFS
8431,Birchmount,False,Nova Bus LFS
8432,Birchmount,False,Nova Bus LFS
8433,Birchmount,False,Nova Bus LFS
8434,Birchmount,False,Nova Bus LFS
8435,Birchmount,False,Nova Bus LFS
8436,Birchmount,False,Nova Bus LFS
8437,Birchmount,False,Nova Bus LFS
8438,Birchmount,False,Nova Bus LFS
8439,Birchmount,False,Nova Bus LFS
8440,Birchmount,False,Nova Bus LFS
8441,Birchmount,False,Nova Bus LFS
8442,Birchmount,False,Nova Bus LFS
8443,Birchmount,False,Nova Bus LFS
8444,Birchmount,False,Nova Bus LFS
8445,Birchmount,False,Nova Bus LFS
8446,Birchmount,False,Nova Bus LFS
8447,Birchmount,False,Nova Bus LFS
8448,Birchmount,False,Nova Bus LFS
8449,Birchmount,False,Nova Bus LFS
8450,Birchmount,False,Nova Bus LFS
8451,Birchmount,False,Nova Bus LFS
8452,Birchmount,False,Nova Bus LFS
8453,Birchmount,False,Nova Bus LFS
8454,Birchmount,False,Nova Bus LFS
8455,Birchmount,False,Nova Bus LFS
8456,Birchmount,False,Nova Bus LFS
8457,Birchmount,False,Nova Bus LFS
8458,Birchmount,False,Nova Bus LFS
8459,Birchmount,False,Nova Bus LFS
8460,Birchmount,False,Nova Bus LFS
8461,Birchmount,False,Nova Bus LFS
8462,Birchmount,False,Nova Bus LFS
8463,Birchmount,False,Nova Bus LFS
8464,Birchmount,False,Nova Bus LFS
8465,Birchmount,False,Nova Bus LFS
8466,Birchmount,False,Nova Bus LFS
8467,Birchmount,False,Nova Bus LFS
8468,Birchmount,False,Nova Bus LFS
8469,Birchmount,False,Nova Bus LFS
8470,Birchmount,False,Nova Bus LFS
8471,Birchmount,False,Nova Bus LFS
8472,Birchmount,False,Nova Bus LFS
8473,Birchmount,False,Nova Bus LFS
8474,Birchmount,False,Nova Bus LFS
8475,Birchmount,False,Nova Bus LFS
8476,Birchmount,False,Nova Bus LFS
8477,Birchmount,False,Nova Bus LFS
8478,Birchmount,False,Nova Bus LFS
8479,Birchmount,False,Nova Bus LFS
8480,Birchmount,False,Nova Bus LFS
8481,Birchmount,False,Nova Bus LFS
8482,Birchmount,False,Nova Bus LFS
8483,Birchmount,False,Nova Bus LFS
8484,Birchmount,False,Nova Bus LFS
8485,Birchmount,False,Nova Bus LFS
8486,Birchmount,False,Nova Bus LFS
8487,Birchmount,False,Nova Bus LFS
8488,Birchmount,False,Nova Bus LFS
8489,Birchmount,False,Nova Bus LFS
8490,Birchmount,False,Nova Bus LFS
8491,Birchmount,False,Nova Bus LFS
8492,Birchmount,False,Nova Bus LFS
8493,Birchmount,False,Nova Bus LFS
8494,Birchmount,False,Nova Bus LFS
8495,Birchmount,False,Nova Bus LFS
8496,Birchmount,False,Nova Bus LFS
8497,Birchmount,False,Nova Bus LFS
8498,Birchmount,False,Nova Bus LFS
8499,Birchmount,False,Nova Bus LFS
8500,Birchmount,False,Nova Bus LFS
8501,Birchmount,False,Nova Bus LFS
8502,Birchmount,False,Nova Bus LFS
8503,Birchmount,False,Nova Bus LFS
8504,Birchmount,False,Nova Bus LFS
8510,Birchmount,False,Nova Bus LFS
8511,Birchmount,False,Nova Bus LFS
8512,Birchmount,False,Nova Bus LFS
8513,Birchmount,False,Nova Bus LFS
8514,Birchmount,False,Nova Bus LFS
8515,Birchmount,False,Nova Bus LFS
8516,Birchmount,False,Nova Bus LFS
8517,Birchmount,False,Nova Bus LFS
8518,Birchmount,False,Nova Bus LFS
8519,Birchmount,False,Nova Bus LFS
8520,Birchmount,False,Nova Bus LFS
8521,Birchmount,False,Nova Bus LFS
8522,Birchmount,False,Nova Bus LFS
8523,Birchmount,False,Nova Bus LFS
8524,Birchmount,False,Nova Bus LFS
8525,Birchmount,False,Nova Bus LFS
8526,Birchmount,False,Nova Bus LFS
8527,Birchmount,False,Nova Bus LFS
8528,Birchmount,False,Nova Bus LFS
8529,Birchmount,False,Nova Bus LFS
8530,Birchmount,False,Nova Bus LFS
8531,Birchmount,False,Nova Bus LFS
8532,Birchmount,False,Nova Bus LFS
8533,Birchmount,False,Nova Bus LFS
8534,Birchmount,False,Nova Bus LFS
8535,Birchmount,False,Nova Bus LFS
8536,Birchmount,False,Nova Bus LFS
8537,Birchmount,False,Nova Bus LFS
8538,Birchmount,False,Nova Bus LFS
8539,Birchmount,False,Nova Bus LFS
8540,Birchmount,False,Nova Bus LFS
8541,Birchmount,False,Nova Bus LFS
8542,Birchmount,False,Nova Bus LFS
8543,Birchmount,False,Nova Bus LFS
8544,Birchmount,False,Nova Bus LFS
8545,Birchmount,False,Nova Bus LFS
8546,Birchmount,False,Nova Bus LFS
8547,Birchmount,False,Nova Bus LFS
8548,Birchmount,False,Nova Bus LFS
8549,Birchmount,False,Nova Bus LFS
8550,Birchmount,False,Nova Bus LFS
8551,Birchmount,False,Nova Bus LFS
8552,Birchmount,False,Nova Bus LFS
8553,Birchmount,False,Nova Bus LFS
8554,Birchmount,False,Nova Bus LFS
8555,Birchmount,False,Nova Bus LFS
8556,Birchmount,False,Nova Bus LFS
8557,Birchmount,False,Nova Bus LFS
8558,Birchmount,False,Nova Bus LFS
8559,Birchmount,False,Nova Bus LFS
8560,Birchmount,False,Nova Bus LFS
8561,Birchmount,False,Nova Bus LFS
8562,Birchmount,False,Nova Bus LFS
8563,Birchmount,False,Nova Bus LFS
8564,Birchmount,False,Nova Bus LFS
8565,Birchmount,False,Nova Bus LFS
8566,Birchmount,False,Nova Bus LFS
8567,Birchmount,False,Nova Bus LFS
8568,Birchmount,False,Nova Bus LFS
8569,Birchmount,False,Nova Bus LFS
8570,Birchmount,False,Nova Bus LFS
8571,Birchmount,False,Nova Bus LFS
8572,Birchmount,False,Nova Bus LFS
8574,Birchmount,False,Nova Bus LFS
8575,Birchmount,False,Nova Bus LFS
8576,Birchmount,False,Nova Bus LFS
8577,Birchmount,False,Nova Bus LFS
8578,Birchmount,False,Nova Bus LFS
8579,Birchmount,False,Nova Bus LFS
8580,Birchmount,False,Nova Bus LFS
8581,Birchmount,False,Nova Bus LFS
8582,Birchmount,False,Nova Bus LFS
8583,Birchmount,False,Nova Bus LFS
8584,Birchmount,False,Nova Bus LFS
8585,Birchmount,False,Nova Bus LFS
8586,Birchmount,False,Nova Bus LFS
8587,Birchmount,False,Nova Bus LFS
8588,Birchmount,False,Nova Bus LFS
8589,Birchmount,False,Nova Bus LFS
8590,Birchmount,False,Nova Bus LFS
8591,Birchmount,False,Nova Bus LFS
8592,Birchmount,False,Nova Bus LFS
8593,Birchmount,False,Nova Bus LFS
8594,Birchmount,False,Nova Bus LFS
8595,Birchmount,False,Nova Bus LFS
8596,Birchmount,False,Nova Bus LFS
8597,Birchmount,False,Nova Bus LFS
8598,Birchmount,False,Nova Bus LFS
8599,Birchmount,False,Nova Bus LFS
8600,Birchmount,False,Nova Bus LFS
8601,Birchmount,False,Nova Bus LFS
8602,Birchmount,False,Nova Bus LFS
8603,Birchmount,False,Nova Bus LFS
8604,Birchmount,False,Nova Bus LFS
8605,Birchmount,False,Nova Bus LFS
8606,Birchmount,False,Nova Bus LFS
8607,Birchmount,False,Nova Bus LFS
8608,Birchmount,False,Nova Bus LFS
8609,Birchmount,False,Nova Bus LFS
8610,Birchmount,False,Nova Bus LFS
8611,Birchmount,False,Nova Bus LFS
8612,Birchmount,False,Nova Bus LFS
8613,Birchmount,False,Nova Bus LFS
8614,Birchmount,False,Nova Bus LFS
8615,Birchmount,False,Nova Bus LFS
8616,Birchmount,False,Nova Bus LFS
8617,Birchmount,False,Nova Bus LFS
8620,Eglinton,False,Nova Bus LFS
8621,Eglinton,False,Nova Bus LFS
8622,Eglinton,False,Nova Bus LFS
8623,Eglinton,False,Nova Bus LFS
8624,Eglinton,False,Nova Bus LFS
8625,Eglinton,False,Nova Bus LFS
8626,Eglinton,False,Nova Bus LFS
8627,Eglinton,False,Nova Bus LFS
8628,Eglinton,False,Nova Bus LFS
8629,Eglinton,False,Nova Bus LFS
8630,Eglinton,False,Nova Bus LFS
8631,Eglinton,False,Nova Bus LFS
8632,Eglinton,False,Nova Bus LFS
8633,Eglinton,False,Nova Bus LFS
8634,Eglinton,False,Nova Bus LFS
8635,Eglinton,False,Nova Bus LFS
8636,Eglinton,False,Nova Bus LFS
8637,Eglinton,False,Nova Bus LFS
8638,Eglinton,False,Nova Bus LFS
8639,Eglinton,False,Nova Bus LFS
8640,Eglinton,False,Nova Bus LFS
8641,Eglinton,False,Nova Bus LFS
8642,Eglinton,False,Nova Bus LFS
8643,Eglinton,False,Nova Bus LFS
8644,Eglinton,False,Nova Bus LFS
8645,Eglinton,False,Nova Bus LFS
8646,Eglinton,False,Nova Bus LFS
8647,Eglinton,False,Nova Bus LFS
8648,Eglinton,False,Nova Bus LFS
8649,Eglinton,False,Nova Bus LFS
8650,Eglinton,False,Nova Bus LFS
8651,Eglinton,False,Nova Bus LFS
8652,Eglinton,False,Nova Bus LFS
8653,Eglinton,False,Nova Bus LFS
8654,Eglinton,False,Nova Bus LFS
8655,Eglinton,False,Nova Bus LFS
8656,Eglinton,False,Nova Bus LFS
8657,Eglinton,False,Nova Bus LFS
8658,Eglinton,False,Nova Bus LFS
8659,Eglinton,False,Nova Bus LFS
8660,Eglinton,False,Nova Bus LFS
8661,Eglinton,False,Nova Bus LFS
8662,Eglinton,False,Nova Bus LFS
8663,Eglinton,False,Nova Bus LFS
8664,Eglinton,False,Nova Bus LFS
8665,Eglinton,False,Nova Bus LFS
8666,Eglinton,False,Nova Bus LFS
8667,Eglinton,False,Nova Bus LFS
8668,Eglinton,False,Nova Bus LFS
8669,Eglinton,False,Nova Bus LFS
8670,Eglinton,False,Nova Bus LFS
8671,Eglinton,False,Nova Bus LFS
8672,Eglinton,False,Nova Bus LFS
8673,Eglinton,False,Nova Bus LFS
8674,Eglinton,False,Nova Bus LFS
8675,Eglinton,False,Nova Bus LFS
8676,Eglinton,False,Nova Bus LFS
8677,Eglinton,False,Nova Bus LFS
8678,Eglinton,False,Nova Bus LFS
8679,Eglinton,False,Nova Bus LFS
8680,Eglinton,False,Nova Bus LFS
8681,Eglinton,False,Nova Bus LFS
8682,Eglinton,False,Nova Bus LFS
8683,Eglinton,False,Nova Bus LFS
8684,Eglinton,False,Nova Bus LFS
8685,Eglinton,False,Nova Bus LFS
8686,Eglinton,False,Nova Bus LFS
8687,Eglinton,False,Nova Bus LFS
8688,Eglinton,False,Nova Bus LFS
8689,Eglinton,False,Nova Bus LFS
8690,Eglinton,False,Nova Bus LFS
8691,Eglinton,False,Nova Bus LFS
8692,Eglinton,False,Nova Bus LFS
8693,Eglinton,False,Nova Bus LFS
8694,Eglinton,False,Nova Bus LFS
8695,Eglinton,False,Nova Bus LFS
8696,Eglinton,False,Nova Bus LFS
8697,Eglinton,False,Nova Bus LFS
8698,Eglinton,False,Nova Bus LFS
8699,Eglinton,False,Nova Bus LFS
8700,Eglinton,False,Nova Bus LFS
8701,Eglinton,False,Nova Bus LFS
8702,Eglinton,False,Nova Bus LFS
8703,Eglinton,False,Nova Bus LFS
8704,Eglinton,False,Nova Bus LFS
8705,Eglinton,False,Nova Bus LFS
8706,Eglinton,False,Nova Bus LFS
8707,Eglinton,False,Nova Bus LFS
8708,Eglinton,False,Nova Bus LFS
8709,Eglinton,False,Nova Bus LFS
8710,Eglinton,False,Nova Bus LFS
8711,Eglinton,False,Nova Bus LFS
8712,Eglinton,False,Nova Bus LFS
8713,Eglinton,False,Nova Bus LFS
8714,Eglinton,False,Nova Bus LFS
8715,Eglinton,False,Nova Bus LFS
8716,Eglinton,False,Nova Bus LFS
8720,Eglinton,False,Nova Bus LFS
8721,Eglinton,False,Nova Bus LFS
8722,Eglinton,False,Nova Bus LFS
8723,Eglinton,False,Nova Bus LFS
8724,Eglinton,False,Nova Bus LFS
8725,Eglinton,False,Nova Bus LFS
8726,Eglinton,False,Nova Bus LFS
8727,Eglinton,False,Nova Bus LFS
8728,Eglinton,False,Nova Bus LFS
8729,Eglinton,False,Nova Bus LFS
8730,Eglinton,False,Nova Bus LFS
8731,Eglinton,False,Nova Bus LFS
8732,Eglinton,False,Nova Bus LFS
8733,Eglinton,False,Nova Bus LFS
8734,Eglinton,False,Nova Bus LFS
8735,Eglinton,False,Nova Bus LFS
8736,Eglinton,False,Nova Bus LFS
8737,Eglinton,False,Nova Bus LFS
8738,Eglinton,False,Nova Bus LFS
8739,Eglinton,False,Nova Bus LFS
8740,Eglinton,False,Nova Bus LFS
8741,Eglinton,False,Nova Bus LFS
8742,Eglinton,False,Nova Bus LFS
8743,Eglinton,False,Nova Bus LFS
8744,Eglinton,False,Nova Bus LFS
8745,Eglinton,False,Nova Bus LFS
8746,Eglinton,False,Nova Bus LFS
8747,Eglinton,False,Nova Bus LFS
8748,Eglinton,False,Nova Bus LFS
8749,Eglinton,False,Nova Bus LFS
8750,Eglinton,False,Nova Bus LFS
8751,Eglinton,False,Nova Bus LFS
8752,Eglinton,False,Nova Bus LFS
8753,Eglinton,False,Nova Bus LFS
8754,Eglinton,False,Nova Bus LFS
8755,Eglinton,False,Nova Bus LFS
8756,Eglinton,False,Nova Bus LFS
8757,Eglinton,False,Nova Bus LFS
8758,Eglinton,False,Nova Bus LFS
8759,Eglinton,False,Nova Bus LFS
8760,Eglinton,False,Nova Bus LFS
8761,Eglinton,False,Nova Bus LFS
8762,Eglinton,False,Nova Bus LFS
8763,Eglinton,False,Nova Bus LFS
8764,Eglinton,False,Nova Bus LFS
8765,Eglinton,False,Nova Bus LFS
8766,Eglinton,False,Nova Bus LFS
8767,Eglinton,False,Nova Bus LFS
8768,Eglinton,False,Nova Bus LFS
8769,Eglinton,False,Nova Bus LFS
8770,Eglinton,False,Nova Bus LFS
8771,Eglinton,False,Nova Bus LFS
8772,Eglinton,False,Nova Bus LFS
8773,Eglinton,False,Nova Bus LFS
8774,Eglinton,False,Nova Bus LFS
8775,Eglinton,False,Nova Bus LFS
8776,Eglinton,False,Nova Bus LFS
8777,Eglinton,False,Nova Bus LFS
8778,Eglinton,False,Nova Bus LFS
8779,Eglinton,False,Nova Bus LFS
8780,Eglinton,False,Nova Bus LFS
8781,Eglinton,False,Nova Bus LFS
8782,Eglinton,False,Nova Bus LFS
8783,Eglinton,False,Nova Bus LFS
8784,Eglinton,False,Nova Bus LFS
8785,Eglinton,False,Nova Bus LFS
8786,Eglinton,False,Nova Bus LFS
8787,Eglinton,False,Nova Bus LFS
8788,Eglinton,False,Nova Bus LFS
8789,Eglinton,False,Nova Bus LFS
8790,Eglinton,False,Nova Bus LFS
8791,Eglinton,False,Nova Bus LFS
8792,Eglinton,False,Nova Bus LFS
8793,Eglinton,False,Nova Bus LFS
8794,Eglinton,False,Nova Bus LFS
8795,Eglinton,False,Nova Bus LFS
8796,Eglinton,False,Nova Bus LFS
8797,Eglinton,False,Nova Bus LFS
8798,Eglinton,False,Nova Bus LFS
8799,Eglinton,False,Nova Bus LFS
8800,Eglinton,False,Nova Bus LFS
8801,Eglinton,False,Nova Bus LFS
8802,Eglinton,False,Nova Bus LFS
8803,Eglinton,False,Nova Bus LFS
8804,Eglinton,False,Nova Bus LFS
8805,Eglinton,False,Nova Bus LFS
8806,Eglinton,False,Nova Bus LFS
8807,Eglinton,False,Nova Bus LFS
8808,Eglinton,False,Nova Bus LFS
8809,Eglinton,False,Nova Bus LFS
8810,Eglinton,False,Nova Bus LFS
8811,Eglinton,False,Nova Bus LFS
8812,Eglinton,False,Nova Bus LFS
8813,Eglinton,False,Nova Bus LFS
8814,Eglinton,False,Nova Bus LFS
8815,Eglinton,False,Nova Bus LFS
8816,Eglinton,False,Nova Bus LFS
8817,Eglinton,False,Nova Bus LFS
8818,Eglinton,False,Nova Bus LFS
8819,Eglinton,False,Nova Bus LFS
8820,Eglinton,False,Nova Bus LFS
8821,Eglinton,False,Nova Bus LFS
8822,Eglinton,False,Nova Bus LFS
8823,Eglinton,False,Nova Bus LFS
8824,Eglinton,False,Nova Bus LFS
8825,Eglinton,False,Nova Bus LFS
8826,Eglinton,False,Nova Bus LFS
8827,Eglinton,False,Nova Bus LFS
8828,Eglinton,False,Nova Bus LFS
8829,Eglinton,False,Nova Bus LFS
8830,Eglinton,False,Nova Bus LFS
8831,Eglinton,False,Nova Bus LFS
8832,Eglinton,False,Nova Bus LFS
8833,Eglinton,False,Nova Bus LFS
8834,Eglinton,False,Nova Bus LFS
8835,Eglinton,False,Nova Bus LFS
8836,Eglinton,False,Nova Bus LFS
8837,Eglinton,False,Nova Bus LFS
8838,Eglinton,False,Nova Bus LFS
8839,Eglinton,False,Nova Bus LFS
8840,Eglinton,False,Nova Bus LFS
8841,Eglinton,False,Nova Bus LFS
8842,Arrow,False,Nova Bus LFS
8843,Arrow,False,Nova Bus LFS
8844,Eglinton,False,Nova Bus LFS
8845,Arrow,False,Nova Bus LFS
8846,Arrow,False,Nova Bus LFS
8847,Arrow,False,Nova Bus LFS
8848,Eglinton,False,Nova Bus LFS
8849,Arrow,False,Nova Bus LFS
8850,Arrow,False,Nova Bus LFS
8851,Arrow,False,Nova Bus LFS
8852,Eglinton,False,Nova Bus LFS
8853,Eglinton,False,Nova Bus LFS
8854,Eglinton,False,Nova Bus LFS
8855,Eglinton,False,Nova Bus LFS
8856,Eglinton,False,Nova Bus LFS
8857,Eglinton,False,Nova Bus LFS
8858,Eglinton,False,Nova Bus LFS
8859,Eglinton,False,Nova Bus LFS
8860,Eglinton,False,Nova Bus LFS
8861,Eglinton,False,Nova Bus LFS
8862,Eglinton,False,Nova Bus LFS
8863,Eglinton,False,Nova Bus LFS
8864,Eglinton,False,Nova Bus LFS
8865,Eglinton,False,Nova Bus LFS
8866,Eglinton,False,Nova Bus LFS
8867,Eglinton,False,Nova Bus LFS
8868,Eglinton,False,Nova Bus LFS
8869,Eglinton,False,Nova Bus LFS
8870,Eglinton,False,Nova Bus LFS
8871,Arrow,False,Nova Bus LFS
8872,Eglinton,False,Nova Bus LFS
8873,Arrow,False,Nova Bus LFS
8874,Arrow,False,Nova Bus LFS
8875,Arrow,False,Nova Bus LFS
8876,Arrow,False,Nova Bus LFS
8877,Arrow,False,Nova Bus LFS
8878,Arrow,False,Nova Bus LFS
8879,Arrow,False,Nova Bus LFS
8880,Arrow,False,Nova Bus LFS
8881,Arrow,False,Nova Bus LFS
8882,Arrow,False,Nova Bus LFS
8883,Arrow,False,Nova Bus LFS
8884,Arrow,False,Nova Bus LFS
8885,Arrow,False,Nova Bus LFS
8886,Arrow,False,Nova Bus LFS
8887,Arrow,False,Nova Bus LFS
8888,Arrow,False,Nova Bus LFS
8889,Arrow,False,Nova Bus LFS
8890,Arrow,False,Nova Bus LFS
8891,Arrow,False,Nova Bus LFS
8892,Arrow,False,Nova Bus LFS
8893,Arrow,False,Nova Bus LFS
8894,Arrow,False,Nova Bus LFS
8895,Arrow,False,Nova Bus LFS
8896,Arrow,False,Nova Bus LFS
8897,Arrow,False,Nova Bus LFS
8898,Arrow,False,Nova Bus LFS
8899,Arrow,False,Nova Bus LFS
8900,Arrow,False,Nova Bus LFS
8901,Arrow,False,Nova Bus LFS
8902,Arrow,False,Nova Bus LFS
8903,Arrow,False,Nova Bus LFS
8904,McNicoll,False,Nova Bus LFS
8905,Arrow,False,Nova Bus LFS
8906,Arrow,False,Nova Bus LFS
8907,Arrow,False,Nova Bus LFS
8908,McNicoll,False,Nova Bus LFS
8909,McNicoll,False,Nova Bus LFS
8910,Arrow,False,Nova Bus LFS
8911,Arrow,False,Nova Bus LFS
8912,Arrow,False,Nova Bus LFS
8913,McNicoll,False,Nova Bus LFS
8914,McNicoll,False,Nova Bus LFS
8915,McNicoll,False,Nova Bus LFS
8916,Arrow,False,Nova Bus LFS
8917,McNicoll,False,Nova Bus LFS
8918,McNicoll,False,Nova Bus LFS
8919,McNicoll,False,Nova Bus LFS
8920,Arrow,False,Nova Bus LFS
8921,Arrow,False,Nova Bus LFS
8922,Arrow,False,Nova Bus LFS
8923,Arrow,False,Nova Bus LFS
8924,Arrow,False,Nova Bus LFS
8925,Arrow,False,Nova Bus LFS
8926,Arrow,False,Nova Bus LFS
8927,Arrow,False,Nova Bus LFS
8928,Arrow,False,Nova Bus LFS
8929,Arrow,False,Nova Bus LFS
8930,Arrow,False,Nova Bus LFS
8931,Arrow,False,Nova Bus LFS
8932,McNicoll,False,Nova Bus LFS
8933,Arrow,False,Nova Bus LFS
8934,Arrow,False,Nova Bus LFS
8935,Arrow,False,Nova Bus LFS
8936,Arrow,False,Nova Bus LFS
8937,Arrow,False,Nova Bus LFS
8938,Arrow,False,Nova Bus LFS
8939,Arrow,False,Nova Bus LFS
8940,Arrow,False,Nova Bus LFS
8941,Arrow,False,Nova Bus LFS
8942,Arrow,False,Nova Bus LFS
8943,Arrow,False,Nova Bus LFS
8944,Arrow,False,Nova Bus LFS
8945,Arrow,False,Nova Bus LFS
8946,Arrow,False,Nova Bus LFS
8947,Arrow,False,Nova Bus LFS
8948,Arrow,False,Nova Bus LFS
8949,Arrow,False,Nova Bus LFS
8950,Arrow,False,Nova Bus LFS
8951,Arrow,False,Nova Bus LFS
8952,Arrow,False,Nova Bus LFS
8953,Arrow,False,Nova Bus LFS
8954,Arrow,False,Nova Bus LFS
8955,Arrow,False,Nova Bus LFS
8956,Arrow,False,Nova Bus LFS
8957,Arrow,False,Nova Bus LFS
8958,Arrow,False,Nova Bus LFS
8959,Arrow,False,Nova Bus LFS
8960,Arrow,False,Nova Bus LFS
8961,Arrow,False,Nova Bus LFS
8962,Arrow,False,Nova Bus LFS
8963,Arrow,False,Nova Bus LFS
8964,Arrow,False,Nova Bus LFS
9000,Wilson,True,Nova Bus LFS Artic
9001,Wilson,True,Nova Bus LFS Artic
9002,Wilson,True,Nova Bus LFS Artic
9004,Wilson,True,Nova Bus LFS Artic
9005,Wilson,True,Nova Bus LFS Artic
9006,Wilson,True,Nova Bus LFS Artic
9007,Wilson,True,Nova Bus LFS Artic
9008,Wilson,True,Nova Bus LFS Artic
9009,Wilson,True,Nova Bus LFS Artic
9010,Wilson,True,Nova Bus LFS Artic
9011,Wilson,True,Nova Bus LFS Artic
9012,Wilson,True,Nova Bus LFS Artic
9013,Wilson,True,Nova Bus LFS Artic
9014,Wilson,True,Nova Bus LFS Artic
9015,Wilson,True,Nova Bus LFS Artic
9016,Wilson,True,Nova Bus LFS Artic
9017,Wilson,True,Nova Bus LFS Artic
9018,Wilson,True,Nova Bus LFS Artic
9019,Mount Dennis,True,Nova Bus LFS Artic
9020,Mount Dennis,True,Nova Bus LFS Artic
9021,Mount Dennis,True,Nova Bus LFS Artic
9022,Mount Dennis,True,Nova Bus LFS Artic
9023,Mount Dennis,True,Nova Bus LFS Artic
9024,Mount Dennis,True,Nova Bus LFS Artic
9025,Mount Dennis,True,Nova Bus LFS Artic
9026,Mount Dennis,True,Nova Bus LFS Artic
9027,Mount Dennis,True,Nova Bus LFS Artic
9028,Mount Dennis,True,Nova Bus LFS Artic
9029,Mount Dennis,True,Nova Bus LFS Artic
9030,Mount Dennis,True,Nova Bus LFS Artic
9031,Mount Dennis,True,Nova Bus LFS Artic
9032,Mount Dennis,True,Nova Bus LFS Artic
9033,Mount Dennis,True,Nova Bus LFS Artic
9034,Mount Dennis,True,Nova Bus LFS Artic
9035,Mount Dennis,True,Nova Bus LFS Artic
9036,Mount Dennis,True,Nova Bus LFS Artic
9037,Mount Dennis,True,Nova Bus LFS Artic
9038,Mount Dennis,True,Nova Bus LFS Artic
9039,Mount Dennis,True,Nova Bus LFS Artic
9040,Mount Dennis,True,Nova Bus LFS Artic
9041,Mount Dennis,True,Nova Bus LFS Artic
9042,Mount Dennis,True,Nova Bus LFS Artic
9043,Mount Dennis,True,Nova Bus LFS Artic
9044,Mount Dennis,True,Nova Bus LFS Artic
9045,Mount Dennis,True,Nova Bus LFS Artic
9046,Mount Dennis,True,Nova Bus LFS Artic
9047,Mount Dennis,True,Nova Bus LFS Artic
9048,Mount Dennis,True,Nova Bus LFS Artic
9049,Mount Dennis,True,Nova Bus LFS Artic
9050,Mount Dennis,True,Nova Bus LFS Artic
9051,Mount Dennis,True,Nova Bus LFS Artic
9052,Mount Dennis,True,Nova Bus LFS Artic
9053,Mount Dennis,True,Nova Bus LFS Artic
9054,Mount Dennis,True,Nova Bus LFS Artic
9055,Malvern,True,Nova Bus LFS Artic
9056,Malvern,True,Nova Bus LFS Artic
9057,Malvern,True,Nova Bus LFS Artic
9058,Malvern,True,Nova Bus LFS Artic
9059,Malvern,True,Nova Bus LFS Artic
9060,Malvern,True,Nova Bus LFS Artic
9061,Malvern,True,Nova Bus LFS Artic
9062,Malvern,True,Nova Bus LFS Artic
9063,Malvern,True,Nova Bus LFS Artic
9064,Malvern,True,Nova Bus LFS Artic
9065,Malvern,True,Nova Bus LFS Artic
9066,Malvern,True,Nova Bus LFS Artic
9067,Malvern,True,Nova Bus LFS Artic
9068,Malvern,True,Nova Bus LFS Artic
9069,Malvern,True,Nova Bus LFS Artic
9070,Malvern,True,Nova Bus LFS Artic
9071,Malvern,True,Nova Bus LFS Artic
9072,Malvern,True,Nova Bus LFS Artic
9073,Malvern,True,Nova Bus LFS Artic
9074,Malvern,True,Nova Bus LFS Artic
9075,Malvern,True,Nova Bus LFS Artic
9076,Malvern,True,Nova Bus LFS Artic
9077,McNicoll,True,Nova Bus LFS Artic
9078,McNicoll,True,Nova Bus LFS Artic
9079,McNicoll,True,Nova Bus LFS Artic
9080,McNicoll,True,Nova Bus LFS Artic
9081,McNicoll,True,Nova Bus LFS Artic
9082,McNicoll,True,Nova Bus LFS Artic
9083,McNicoll,True,Nova Bus LFS Artic
9084,McNicoll,True,Nova Bus LFS Artic
9085,McNicoll,True,Nova Bus LFS Artic
9086,McNicoll,True,Nova Bus LFS Artic
9087,McNicoll,True,Nova Bus LFS Artic
9088,McNicoll,True,Nova Bus LFS Artic
9089,McNicoll,True,Nova Bus LFS Artic
9090,McNicoll,True,Nova Bus LFS Artic
9091,McNicoll,True,Nova Bus LFS Artic
9092,McNicoll,True,Nova Bus LFS Artic
9093,McNicoll,True,Nova Bus LFS Artic
9094,McNicoll,True,Nova Bus LFS Artic
9095,McNicoll,True,Nova Bus LFS Artic
9096,McNicoll,True,Nova Bus LFS Artic
9097,McNicoll,True,Nova Bus LFS Artic
9098,McNicoll,True,Nova Bus LFS Artic
9099,Arrow,True,Nova Bus LFS Artic
9100,Arrow,True,Nova Bus LFS Artic
9101,Arrow,True,Nova Bus LFS Artic
9102,Arrow,True,Nova Bus LFS Artic
9103,Arrow,True,Nova Bus LFS Artic
9104,Arrow,True,Nova Bus LFS Artic
9105,Arrow,True,Nova Bus LFS Artic
9106,Arrow,True,Nova Bus LFS Artic
9107,Arrow,True,Nova Bus LFS Artic
9108,Arrow,True,Nova Bus LFS Artic
9109,Arrow,True,Nova Bus LFS Artic
9110,Arrow,True,Nova Bus LFS Artic
9111,Arrow,True,Nova Bus LFS Artic
9112,Arrow,True,Nova Bus LFS Artic
9113,Arrow,True,Nova Bus LFS Artic
9114,Arrow,True,Nova Bus LFS Artic
9115,Arrow,True,Nova Bus LFS Artic
9116,Arrow,True,Nova Bus LFS Artic
9117,Arrow,True,Nova Bus LFS Artic
9118,Arrow,True,Nova Bus LFS Artic
9119,Arrow,True,Nova Bus LFS Artic
9120,Arrow,True,Nova Bus LFS Artic
9121,Arrow,True,Nova Bus LFS Artic
9122,Arrow,True,Nova Bus LFS Artic
9123,Arrow,True,Nova Bus LFS Artic
9124,Arrow,True,Nova Bus LFS Artic
9125,Arrow,True,Nova Bus LFS Artic
9126,Arrow,True,Nova Bus LFS Artic
9127,Arrow,True,Nova Bus LFS Artic
9128,Arrow,True,Nova Bus LFS Artic
9129,Arrow,True,Nova Bus LFS Artic
9130,Arrow,True,Nova Bus LFS Artic
9131,Arrow,True,Nova Bus LFS Artic
9132,Arrow,True,Nova Bus LFS Artic
9133,Arrow,True,Nova Bus LFS Artic
9134,Arrow,True,Nova Bus LFS Artic
9135,Mount Dennis,True,Nova Bus LFS Artic
9136,Mount Dennis,True,Nova Bus LFS Artic
9137,Mount Dennis,True,Nova Bus LFS Artic
9138,Mount Dennis,True,Nova Bus LFS Artic
9139,Mount Dennis,True,Nova Bus LFS Artic
9140,Mount Dennis,True,Nova Bus LFS Artic
9141,Mount Dennis,True,Nova Bus LFS Artic
9142,Mount Dennis,True,Nova Bus LFS Artic
9143,Mount Dennis,True,Nova Bus LFS Artic
9144,Mount Dennis,True,Nova Bus LFS Artic
9145,Mount Dennis,True,Nova Bus LFS Artic
9146,Mount Dennis,True,Nova Bus LFS Artic
9147,Mount Dennis,True,Nova Bus LFS Artic
9148,Mount Dennis,True,Nova Bus LFS Artic
9149,Mount Dennis,True,Nova Bus LFS Artic
9150,Mount Dennis,True,Nova Bus LFS Artic
9151,Mount Dennis,True,Nova Bus LFS Artic
9152,Mount Dennis,True,Nova Bus LFS Artic
9200,Arrow,False,Nova Bus LFS
9201,Arrow,False,Nova Bus LFS
9202,Arrow,False,Nova Bus LFS
9203,Arrow,False,Nova Bus LFS
9204,Arrow,False,Nova Bus LFS
9205,Arrow,False,Nova Bus LFS
9206,Arrow,False,Nova Bus LFS
9207,Arrow,False,Nova Bus LFS
9208,Arrow,False,Nova Bus LFS
9209,Arrow,False,Nova Bus LFS
9210,Arrow,False,Nova Bus LFS
9211,Arrow,False,Nova Bus LFS
9212,Arrow,False,Nova Bus LFS
9213,Arrow,False,Nova Bus LFS
9214,Arrow,False,Nova Bus LFS
9215,Arrow,False,Nova Bus LFS
9216,Arrow,False,Nova Bus LFS
9217,Arrow,False,Nova Bus LFS
9218,Arrow,False,Nova Bus LFS
9219,Arrow,False,Nova Bus LFS
9220,Arrow,False,Nova Bus LFS
9221,Arrow,False,Nova Bus LFS
9222,Arrow,False,Nova Bus LFS
9223,Arrow,False,Nova Bus LFS
9224,Arrow,False,Nova Bus LFS
9225,Arrow,False,Nova Bus LFS
9226,Arrow,False,Nova Bus LFS
9227,Arrow,False,Nova Bus LFS
9228,McNicoll,False,Nova Bus LFS
9229,McNicoll,False,Nova Bus LFS
9230,McNicoll,False,Nova Bus LFS
9231,McNicoll,False,Nova Bus LFS
9232,McNicoll,False,Nova Bus LFS
9233,McNicoll,False,Nova Bus LFS
9234,McNicoll,False,Nova Bus LFS
9235,McNicoll,False,Nova Bus LFS
9236,McNicoll,False,Nova Bus LFS
9237,McNicoll,False,Nova Bus LFS
9238,McNicoll,False,Nova Bus LFS
9239,McNicoll,False,Nova Bus LFS
9400,Mount Dennis,True,New Flyer XDE60
9401,Mount Dennis,True,New Flyer XDE60
9402,Mount Dennis,True,New Flyer XDE60
9403,Mount Dennis,True,New Flyer XDE60
9404,Mount Dennis,True,New Flyer XDE60
9405,Mount Dennis,True,New Flyer XDE60
9406,Mount Dennis,True,New Flyer XDE60
9407,Mount Dennis,True,New Flyer XDE60
9408,Mount Dennis,True,New Flyer XDE60
9409,Mount Dennis,True,New Flyer XDE60
9410,Mount Dennis,True,New Flyer XDE60
9411,Mount Dennis,True,New Flyer XDE60
9412,Mount Dennis,True,New Flyer XDE60
9413,Mount Dennis,True,New Flyer XDE60
9414,Mount Dennis,True,New Flyer XDE60
9415,Mount Dennis,True,New Flyer XDE60
9416,Mount Dennis,True,New Flyer XDE60
9417,Mount Dennis,True,New Flyer XDE60
9418,Mount Dennis,True,New Flyer XDE60
9419,Mount Dennis,True,New Flyer XDE60
9420,Mount Dennis,True,New Flyer XDE60
9421,Mount Dennis,True,New Flyer XDE60
9422,Mount Dennis,True,New Flyer XDE60
9423,Mount Dennis,True,New Flyer XDE60
9424,Mount Dennis,True,New Flyer XDE60
9425,Mount Dennis,True,New Flyer XDE60
9426,Mount Dennis,True,New Flyer XDE60
9427,Mount Dennis,True,New Flyer XDE60
9428,Mount Dennis,True,New Flyer XDE60
9429,Mount Dennis,True,New Flyer XDE60
9430,Mount Dennis,True,New Flyer XDE60
9431,Mount Dennis,True,New Flyer XDE60
9432,Mount Dennis,True,New Flyer XDE60
9433,Mount Dennis,True,New Flyer XDE60
9434,Mount Dennis,True,New Flyer XDE60
9435,Mount Dennis,True,New Flyer XDE60
9436,Mount Dennis,True,New Flyer XDE60
9437,Mount Dennis,True,New Flyer XDE60
9438,Mount Dennis,True,New Flyer XDE60
9439,Mount Dennis,True,New Flyer XDE60
9440,Mount Dennis,True,New Flyer XDE60
9441,Mount Dennis,True,New Flyer XDE60
9442,Mount Dennis,True,New Flyer XDE60
9443,Mount Dennis,True,New Flyer XDE60
9444,Mount Dennis,True,New Flyer XDE60
9445,Mount Dennis,True,New Flyer XDE60
9446,Mount Dennis,True,New Flyer XDE60
9447,Mount Dennis,True,New Flyer XDE60
9448,Mount Dennis,True,New Flyer XDE60
9449,Mount Dennis,True,New Flyer XDE60
9450,Mount Dennis,True,New Flyer XDE60
9451,Mount Dennis,True,New Flyer XDE60
9452,Mount Dennis,True,New Flyer XDE60
9453,Mount Dennis,True,New Flyer XDE60
9454,Mount Dennis,True,New Flyer XDE60
9455,Mount Dennis,True,New Flyer XDE60
9456,Mount Dennis,True,New Flyer XDE60
9457,Mount Dennis,True,New Flyer XDE60
9458,Mount Dennis,True,New Flyer XDE60
9459,Mount Dennis,True,New Flyer XDE60
9460,Mount Dennis,True,New Flyer XDE60
9461,Mount Dennis,True,New Flyer XDE60
9462,Mount Dennis,True,New Flyer XDE60
9463,Mount Dennis,True,New Flyer XDE60
9464,Mount Dennis,True,New Flyer XDE60
9465,Mount Dennis,True,New Flyer XDE60
9466,Mount Dennis,True,New Flyer XDE60
9467,Mount Dennis,True,New Flyer XDE60
